path,label,field,source_capture,review_status
training_data_hud_crops/mass/user_20260418_154408__cap_20260418_155705_329__0.png,0,mass,C:/Users/_user/AppData/Roaming/ShipBit/WingmanAI/custom_skills/SC_Toolbox_Beta_V1.2/tools/Mining_Signals/training_data_panels/user_20260418_154408/region1/cap_20260418_155705_329.png,approved
training_data_hud_crops/resistance/user_20260418_154408__cap_20260418_155705_329__0.png,0,resistance,C:/Users/_user/AppData/Roaming/ShipBit/WingmanAI/custom_skills/SC_Toolbox_Beta_V1.2/tools/Mining_Signals/training_data_panels/user_20260418_154408/region1/cap_20260418_155705_329.png,approved
training_data_hud_crops/instability/user_20260418_154408__cap_20260418_155705_329__0.png,0,instability,C:/Users/_user/AppData/Roaming/ShipBit/WingmanAI/custom_skills/SC_Toolbox_Beta_V1.2/tools/Mining_Signals/training_data_panels/user_20260418_154408/region1/cap_20260418_155705_329.png,approved
training_data_hud_crops/mass/user_20260418_154408__cap_20260418_155707_070__3384.png,3384,mass,C:/Users/_user/AppData/Roaming/ShipBit/WingmanAI/custom_skills/SC_Toolbox_Beta_V1.2/tools/Mining_Signals/training_data_panels/user_20260418_154408/region1/cap_20260418_155707_070.png,approved
training_data_hud_crops/resistance/user_20260418_154408__cap_20260418_155707_070__1.png,1,resistance,C:/Users/_user/AppData/Roaming/ShipBit/WingmanAI/custom_skills/SC_Toolbox_Beta_V1.2/tools/Mining_Signals/training_data_panels/user_20260418_154408/region1/cap_20260418_155707_070.png,approved
training_data_hud_crops/instability/user_20260418_154408__cap_20260418_155707_070__1p43.png,1.43,instability,C:/Users/_user/AppData/Roaming/ShipBit/WingmanAI/custom_skills/SC_Toolbox_Beta_V1.2/tools/Mining_Signals/training_data_panels/user_20260418_154408/region1/cap_20260418_155707_070.png,approved
training_data_hud_crops/mass/user_20260418_154408__cap_20260418_155710_185__0.png,0,mass,C:/Users/_user/AppData/Roaming/ShipBit/WingmanAI/custom_skills/SC_Toolbox_Beta_V1.2/tools/Mining_Signals/training_data_panels/user_20260418_154408/region1/cap_20260418_155710_185.png,approved
training_data_hud_crops/resistance/user_20260418_154408__cap_20260418_155710_185__0.png,0,resistance,C:/Users/_user/AppData/Roaming/ShipBit/WingmanAI/custom_skills/SC_Toolbox_Beta_V1.2/tools/Mining_Signals/training_data_panels/user_20260418_154408/region1/cap_20260418_155710_185.png,approved
training_data_hud_crops/instability/user_20260418_154408__cap_20260418_155710_185__0.png,0,instability,C:/Users/_user/AppData/Roaming/ShipBit/WingmanAI/custom_skills/SC_Toolbox_Beta_V1.2/tools/Mining_Signals/training_data_panels/user_20260418_154408/region1/cap_20260418_155710_185.png,approved
training_data_hud_crops/mass/user_20260418_154408__cap_20260418_155715_919__3736.png,3736,mass,C:/Users/_user/AppData/Roaming/ShipBit/WingmanAI/custom_skills/SC_Toolbox_Beta_V1.2/tools/Mining_Signals/training_data_panels/user_20260418_154408/region1/cap_20260418_155715_919.png,approved
training_data_hud_crops/resistance/user_20260418_154408__cap_20260418_155715_919__0.png,0,resistance,C:/Users/_user/AppData/Roaming/ShipBit/WingmanAI/custom_skills/SC_Toolbox_Beta_V1.2/tools/Mining_Signals/training_data_panels/user_20260418_154408/region1/cap_20260418_155715_919.png,approved
training_data_hud_crops/instability/user_20260418_154408__cap_20260418_155715_919__0p99.png,0.99,instability,C:/Users/_user/AppData/Roaming/ShipBit/WingmanAI/custom_skills/SC_Toolbox_Beta_V1.2/tools/Mining_Signals/training_data_panels/user_20260418_154408/region1/cap_20260418_155715_919.png,approved
training_data_hud_crops/mass/user_20260418_154408__cap_20260418_155721_243__0.png,0,mass,C:/Users/_user/AppData/Roaming/ShipBit/WingmanAI/custom_skills/SC_Toolbox_Beta_V1.2/tools/Mining_Signals/training_data_panels/user_20260418_154408/region1/cap_20260418_155721_243.png,approved
training_data_hud_crops/resistance/user_20260418_154408__cap_20260418_155721_243__0.png,0,resistance,C:/Users/_user/AppData/Roaming/ShipBit/WingmanAI/custom_skills/SC_Toolbox_Beta_V1.2/tools/Mining_Signals/training_data_panels/user_20260418_154408/region1/cap_20260418_155721_243.png,approved
training_data_hud_crops/instability/user_20260418_154408__cap_20260418_155721_243__0.png,0,instability,C:/Users/_user/AppData/Roaming/ShipBit/WingmanAI/custom_skills/SC_Toolbox_Beta_V1.2/tools/Mining_Signals/training_data_panels/user_20260418_154408/region1/cap_20260418_155721_243.png,approved
training_data_hud_crops/mass/user_20260418_154408__cap_20260418_155725_424__10486.png,10486,mass,C:/Users/_user/AppData/Roaming/ShipBit/WingmanAI/custom_skills/SC_Toolbox_Beta_V1.2/tools/Mining_Signals/training_data_panels/user_20260418_154408/region1/cap_20260418_155725_424.png,approved
training_data_hud_crops/resistance/user_20260418_154408__cap_20260418_155725_424__1.png,1,resistance,C:/Users/_user/AppData/Roaming/ShipBit/WingmanAI/custom_skills/SC_Toolbox_Beta_V1.2/tools/Mining_Signals/training_data_panels/user_20260418_154408/region1/cap_20260418_155725_424.png,approved
training_data_hud_crops/instability/user_20260418_154408__cap_20260418_155725_424__3p78.png,3.78,instability,C:/Users/_user/AppData/Roaming/ShipBit/WingmanAI/custom_skills/SC_Toolbox_Beta_V1.2/tools/Mining_Signals/training_data_panels/user_20260418_154408/region1/cap_20260418_155725_424.png,approved
training_data_hud_crops/mass/user_20260418_154408__cap_20260418_155740_736__10488.png,10488,mass,C:/Users/_user/AppData/Roaming/ShipBit/WingmanAI/custom_skills/SC_Toolbox_Beta_V1.2/tools/Mining_Signals/training_data_panels/user_20260418_154408/region1/cap_20260418_155740_736.png,approved
training_data_hud_crops/resistance/user_20260418_154408__cap_20260418_155740_736__1.png,1,resistance,C:/Users/_user/AppData/Roaming/ShipBit/WingmanAI/custom_skills/SC_Toolbox_Beta_V1.2/tools/Mining_Signals/training_data_panels/user_20260418_154408/region1/cap_20260418_155740_736.png,approved
training_data_hud_crops/instability/user_20260418_154408__cap_20260418_155740_736__3p78.png,3.78,instability,C:/Users/_user/AppData/Roaming/ShipBit/WingmanAI/custom_skills/SC_Toolbox_Beta_V1.2/tools/Mining_Signals/training_data_panels/user_20260418_154408/region1/cap_20260418_155740_736.png,approved
training_data_hud_crops/mass/user_20260418_154408__cap_20260418_155743_480__3736.png,3736,mass,C:/Users/_user/AppData/Roaming/ShipBit/WingmanAI/custom_skills/SC_Toolbox_Beta_V1.2/tools/Mining_Signals/training_data_panels/user_20260418_154408/region1/cap_20260418_155743_480.png,approved
training_data_hud_crops/resistance/user_20260418_154408__cap_20260418_155743_480__1.png,1,resistance,C:/Users/_user/AppData/Roaming/ShipBit/WingmanAI/custom_skills/SC_Toolbox_Beta_V1.2/tools/Mining_Signals/training_data_panels/user_20260418_154408/region1/cap_20260418_155743_480.png,approved
training_data_hud_crops/instability/user_20260418_154408__cap_20260418_155743_480__0p90.png,0.90,instability,C:/Users/_user/AppData/Roaming/ShipBit/WingmanAI/custom_skills/SC_Toolbox_Beta_V1.2/tools/Mining_Signals/training_data_panels/user_20260418_154408/region1/cap_20260418_155743_480.png,approved
training_data_hud_crops/instability/user_20260418_154408__cap_20260418_155746_172__1p30.png,1.30,instability,C:/Users/_user/AppData/Roaming/ShipBit/WingmanAI/custom_skills/SC_Toolbox_Beta_V1.2/tools/Mining_Signals/training_data_panels/user_20260418_154408/region1/cap_20260418_155746_172.png,approved
training_data_hud_crops/mass/user_20260418_154408__cap_20260418_155909_454__0.png,0,mass,C:/Users/_user/AppData/Roaming/ShipBit/WingmanAI/custom_skills/SC_Toolbox_Beta_V1.2/tools/Mining_Signals/training_data_panels/user_20260418_154408/region1/cap_20260418_155909_454.png,approved
training_data_hud_crops/resistance/user_20260418_154408__cap_20260418_155909_454__0.png,0,resistance,C:/Users/_user/AppData/Roaming/ShipBit/WingmanAI/custom_skills/SC_Toolbox_Beta_V1.2/tools/Mining_Signals/training_data_panels/user_20260418_154408/region1/cap_20260418_155909_454.png,approved
training_data_hud_crops/instability/user_20260418_154408__cap_20260418_155909_454__0.png,0,instability,C:/Users/_user/AppData/Roaming/ShipBit/WingmanAI/custom_skills/SC_Toolbox_Beta_V1.2/tools/Mining_Signals/training_data_panels/user_20260418_154408/region1/cap_20260418_155909_454.png,approved
training_data_hud_crops/mass/user_20260418_154408__cap_20260418_155912_020__0.png,0,mass,C:/Users/_user/AppData/Roaming/ShipBit/WingmanAI/custom_skills/SC_Toolbox_Beta_V1.2/tools/Mining_Signals/training_data_panels/user_20260418_154408/region1/cap_20260418_155912_020.png,approved
training_data_hud_crops/resistance/user_20260418_154408__cap_20260418_155912_020__0.png,0,resistance,C:/Users/_user/AppData/Roaming/ShipBit/WingmanAI/custom_skills/SC_Toolbox_Beta_V1.2/tools/Mining_Signals/training_data_panels/user_20260418_154408/region1/cap_20260418_155912_020.png,approved
training_data_hud_crops/instability/user_20260418_154408__cap_20260418_155912_020__0.png,0,instability,C:/Users/_user/AppData/Roaming/ShipBit/WingmanAI/custom_skills/SC_Toolbox_Beta_V1.2/tools/Mining_Signals/training_data_panels/user_20260418_154408/region1/cap_20260418_155912_020.png,approved
training_data_hud_crops/mass/user_20260418_154408__cap_20260418_155914_028__0.png,0,mass,C:/Users/_user/AppData/Roaming/ShipBit/WingmanAI/custom_skills/SC_Toolbox_Beta_V1.2/tools/Mining_Signals/training_data_panels/user_20260418_154408/region1/cap_20260418_155914_028.png,approved
training_data_hud_crops/resistance/user_20260418_154408__cap_20260418_155914_028__0.png,0,resistance,C:/Users/_user/AppData/Roaming/ShipBit/WingmanAI/custom_skills/SC_Toolbox_Beta_V1.2/tools/Mining_Signals/training_data_panels/user_20260418_154408/region1/cap_20260418_155914_028.png,approved
training_data_hud_crops/instability/user_20260418_154408__cap_20260418_155914_028__0.png,0,instability,C:/Users/_user/AppData/Roaming/ShipBit/WingmanAI/custom_skills/SC_Toolbox_Beta_V1.2/tools/Mining_Signals/training_data_panels/user_20260418_154408/region1/cap_20260418_155914_028.png,approved
training_data_hud_crops/mass/user_20260418_154408__cap_20260418_155916_452__0.png,0,mass,C:/Users/_user/AppData/Roaming/ShipBit/WingmanAI/custom_skills/SC_Toolbox_Beta_V1.2/tools/Mining_Signals/training_data_panels/user_20260418_154408/region1/cap_20260418_155916_452.png,approved
training_data_hud_crops/resistance/user_20260418_154408__cap_20260418_155916_452__0.png,0,resistance,C:/Users/_user/AppData/Roaming/ShipBit/WingmanAI/custom_skills/SC_Toolbox_Beta_V1.2/tools/Mining_Signals/training_data_panels/user_20260418_154408/region1/cap_20260418_155916_452.png,approved
training_data_hud_crops/instability/user_20260418_154408__cap_20260418_155916_452__0.png,0,instability,C:/Users/_user/AppData/Roaming/ShipBit/WingmanAI/custom_skills/SC_Toolbox_Beta_V1.2/tools/Mining_Signals/training_data_panels/user_20260418_154408/region1/cap_20260418_155916_452.png,approved
training_data_hud_crops/mass/user_20260418_154408__cap_20260418_155918_367__0.png,0,mass,C:/Users/_user/AppData/Roaming/ShipBit/WingmanAI/custom_skills/SC_Toolbox_Beta_V1.2/tools/Mining_Signals/training_data_panels/user_20260418_154408/region1/cap_20260418_155918_367.png,approved
training_data_hud_crops/resistance/user_20260418_154408__cap_20260418_155918_367__0.png,0,resistance,C:/Users/_user/AppData/Roaming/ShipBit/WingmanAI/custom_skills/SC_Toolbox_Beta_V1.2/tools/Mining_Signals/training_data_panels/user_20260418_154408/region1/cap_20260418_155918_367.png,approved
training_data_hud_crops/instability/user_20260418_154408__cap_20260418_155918_367__0.png,0,instability,C:/Users/_user/AppData/Roaming/ShipBit/WingmanAI/custom_skills/SC_Toolbox_Beta_V1.2/tools/Mining_Signals/training_data_panels/user_20260418_154408/region1/cap_20260418_155918_367.png,approved
training_data_hud_crops/mass/user_20260418_154408__cap_20260418_155921_000__0.png,0,mass,C:/Users/_user/AppData/Roaming/ShipBit/WingmanAI/custom_skills/SC_Toolbox_Beta_V1.2/tools/Mining_Signals/training_data_panels/user_20260418_154408/region1/cap_20260418_155921_000.png,approved
training_data_hud_crops/resistance/user_20260418_154408__cap_20260418_155921_000__0.png,0,resistance,C:/Users/_user/AppData/Roaming/ShipBit/WingmanAI/custom_skills/SC_Toolbox_Beta_V1.2/tools/Mining_Signals/training_data_panels/user_20260418_154408/region1/cap_20260418_155921_000.png,approved
training_data_hud_crops/instability/user_20260418_154408__cap_20260418_155921_000__0.png,0,instability,C:/Users/_user/AppData/Roaming/ShipBit/WingmanAI/custom_skills/SC_Toolbox_Beta_V1.2/tools/Mining_Signals/training_data_panels/user_20260418_154408/region1/cap_20260418_155921_000.png,approved
training_data_hud_crops/mass/user_20260418_154408__cap_20260418_155923_391__0.png,0,mass,C:/Users/_user/AppData/Roaming/ShipBit/WingmanAI/custom_skills/SC_Toolbox_Beta_V1.2/tools/Mining_Signals/training_data_panels/user_20260418_154408/region1/cap_20260418_155923_391.png,approved
training_data_hud_crops/resistance/user_20260418_154408__cap_20260418_155923_391__0.png,0,resistance,C:/Users/_user/AppData/Roaming/ShipBit/WingmanAI/custom_skills/SC_Toolbox_Beta_V1.2/tools/Mining_Signals/training_data_panels/user_20260418_154408/region1/cap_20260418_155923_391.png,approved
training_data_hud_crops/instability/user_20260418_154408__cap_20260418_155923_391__0.png,0,instability,C:/Users/_user/AppData/Roaming/ShipBit/WingmanAI/custom_skills/SC_Toolbox_Beta_V1.2/tools/Mining_Signals/training_data_panels/user_20260418_154408/region1/cap_20260418_155923_391.png,approved
training_data_hud_crops/mass/user_20260418_154408__cap_20260418_155926_170__0.png,0,mass,C:/Users/_user/AppData/Roaming/ShipBit/WingmanAI/custom_skills/SC_Toolbox_Beta_V1.2/tools/Mining_Signals/training_data_panels/user_20260418_154408/region1/cap_20260418_155926_170.png,approved
training_data_hud_crops/resistance/user_20260418_154408__cap_20260418_155926_170__0.png,0,resistance,C:/Users/_user/AppData/Roaming/ShipBit/WingmanAI/custom_skills/SC_Toolbox_Beta_V1.2/tools/Mining_Signals/training_data_panels/user_20260418_154408/region1/cap_20260418_155926_170.png,approved
training_data_hud_crops/instability/user_20260418_154408__cap_20260418_155926_170__0.png,0,instability,C:/Users/_user/AppData/Roaming/ShipBit/WingmanAI/custom_skills/SC_Toolbox_Beta_V1.2/tools/Mining_Signals/training_data_panels/user_20260418_154408/region1/cap_20260418_155926_170.png,approved
training_data_hud_crops/mass/user_20260418_154408__cap_20260418_155945_982__15683.png,15683,mass,C:/Users/_user/AppData/Roaming/ShipBit/WingmanAI/custom_skills/SC_Toolbox_Beta_V1.2/tools/Mining_Signals/training_data_panels/user_20260418_154408/region1/cap_20260418_155945_982.png,approved
training_data_hud_crops/resistance/user_20260418_154408__cap_20260418_155945_982__0.png,0,resistance,C:/Users/_user/AppData/Roaming/ShipBit/WingmanAI/custom_skills/SC_Toolbox_Beta_V1.2/tools/Mining_Signals/training_data_panels/user_20260418_154408/region1/cap_20260418_155945_982.png,approved
training_data_hud_crops/instability/user_20260418_154408__cap_20260418_155945_982__14p21.png,14.21,instability,C:/Users/_user/AppData/Roaming/ShipBit/WingmanAI/custom_skills/SC_Toolbox_Beta_V1.2/tools/Mining_Signals/training_data_panels/user_20260418_154408/region1/cap_20260418_155945_982.png,approved
training_data_hud_crops/mass/user_20260418_154408__cap_20260418_155949_144__21449.png,21449,mass,C:/Users/_user/AppData/Roaming/ShipBit/WingmanAI/custom_skills/SC_Toolbox_Beta_V1.2/tools/Mining_Signals/training_data_panels/user_20260418_154408/region1/cap_20260418_155949_144.png,approved
training_data_hud_crops/resistance/user_20260418_154408__cap_20260418_155949_144__0.png,0,resistance,C:/Users/_user/AppData/Roaming/ShipBit/WingmanAI/custom_skills/SC_Toolbox_Beta_V1.2/tools/Mining_Signals/training_data_panels/user_20260418_154408/region1/cap_20260418_155949_144.png,approved
training_data_hud_crops/instability/user_20260418_154408__cap_20260418_155949_144__21p47.png,21.47,instability,C:/Users/_user/AppData/Roaming/ShipBit/WingmanAI/custom_skills/SC_Toolbox_Beta_V1.2/tools/Mining_Signals/training_data_panels/user_20260418_154408/region1/cap_20260418_155949_144.png,approved
training_data_hud_crops/mass/user_20260418_154408__cap_20260418_155955_540__7379.png,7379,mass,C:/Users/_user/AppData/Roaming/ShipBit/WingmanAI/custom_skills/SC_Toolbox_Beta_V1.2/tools/Mining_Signals/training_data_panels/user_20260418_154408/region1/cap_20260418_155955_540.png,approved
training_data_hud_crops/resistance/user_20260418_154408__cap_20260418_155955_540__0.png,0,resistance,C:/Users/_user/AppData/Roaming/ShipBit/WingmanAI/custom_skills/SC_Toolbox_Beta_V1.2/tools/Mining_Signals/training_data_panels/user_20260418_154408/region1/cap_20260418_155955_540.png,approved
training_data_hud_crops/instability/user_20260418_154408__cap_20260418_155955_540__6p94.png,6.94,instability,C:/Users/_user/AppData/Roaming/ShipBit/WingmanAI/custom_skills/SC_Toolbox_Beta_V1.2/tools/Mining_Signals/training_data_panels/user_20260418_154408/region1/cap_20260418_155955_540.png,approved
training_data_hud_crops/mass/user_20260418_154408__cap_20260418_160002_705__18875.png,18875,mass,C:/Users/_user/AppData/Roaming/ShipBit/WingmanAI/custom_skills/SC_Toolbox_Beta_V1.2/tools/Mining_Signals/training_data_panels/user_20260418_154408/region1/cap_20260418_160002_705.png,approved
training_data_hud_crops/resistance/user_20260418_154408__cap_20260418_160002_705__0.png,0,resistance,C:/Users/_user/AppData/Roaming/ShipBit/WingmanAI/custom_skills/SC_Toolbox_Beta_V1.2/tools/Mining_Signals/training_data_panels/user_20260418_154408/region1/cap_20260418_160002_705.png,approved
training_data_hud_crops/instability/user_20260418_154408__cap_20260418_160002_705__17p84.png,17.84,instability,C:/Users/_user/AppData/Roaming/ShipBit/WingmanAI/custom_skills/SC_Toolbox_Beta_V1.2/tools/Mining_Signals/training_data_panels/user_20260418_154408/region1/cap_20260418_160002_705.png,approved
training_data_hud_crops/mass/user_20260418_154408__cap_20260418_160003_629__18875.png,18875,mass,C:/Users/_user/AppData/Roaming/ShipBit/WingmanAI/custom_skills/SC_Toolbox_Beta_V1.2/tools/Mining_Signals/training_data_panels/user_20260418_154408/region1/cap_20260418_160003_629.png,approved
training_data_hud_crops/resistance/user_20260418_154408__cap_20260418_160003_629__0.png,0,resistance,C:/Users/_user/AppData/Roaming/ShipBit/WingmanAI/custom_skills/SC_Toolbox_Beta_V1.2/tools/Mining_Signals/training_data_panels/user_20260418_154408/region1/cap_20260418_160003_629.png,approved
training_data_hud_crops/instability/user_20260418_154408__cap_20260418_160003_629__17p84.png,17.84,instability,C:/Users/_user/AppData/Roaming/ShipBit/WingmanAI/custom_skills/SC_Toolbox_Beta_V1.2/tools/Mining_Signals/training_data_panels/user_20260418_154408/region1/cap_20260418_160003_629.png,approved
training_data_hud_crops/mass/user_20260418_154408__cap_20260418_160022_415__18875.png,18875,mass,C:/Users/_user/AppData/Roaming/ShipBit/WingmanAI/custom_skills/SC_Toolbox_Beta_V1.2/tools/Mining_Signals/training_data_panels/user_20260418_154408/region1/cap_20260418_160022_415.png,approved
training_data_hud_crops/resistance/user_20260418_154408__cap_20260418_160022_415__0.png,0,resistance,C:/Users/_user/AppData/Roaming/ShipBit/WingmanAI/custom_skills/SC_Toolbox_Beta_V1.2/tools/Mining_Signals/training_data_panels/user_20260418_154408/region1/cap_20260418_160022_415.png,approved
training_data_hud_crops/instability/user_20260418_154408__cap_20260418_160022_415__17p64.png,17.64,instability,C:/Users/_user/AppData/Roaming/ShipBit/WingmanAI/custom_skills/SC_Toolbox_Beta_V1.2/tools/Mining_Signals/training_data_panels/user_20260418_154408/region1/cap_20260418_160022_415.png,approved
training_data_hud_crops/mass/user_20260418_154408__cap_20260418_160026_220__7379.png,7379,mass,C:/Users/_user/AppData/Roaming/ShipBit/WingmanAI/custom_skills/SC_Toolbox_Beta_V1.2/tools/Mining_Signals/training_data_panels/user_20260418_154408/region1/cap_20260418_160026_220.png,approved
training_data_hud_crops/resistance/user_20260418_154408__cap_20260418_160026_220__0.png,0,resistance,C:/Users/_user/AppData/Roaming/ShipBit/WingmanAI/custom_skills/SC_Toolbox_Beta_V1.2/tools/Mining_Signals/training_data_panels/user_20260418_154408/region1/cap_20260418_160026_220.png,approved
training_data_hud_crops/instability/user_20260418_154408__cap_20260418_160026_220__6p94.png,6.94,instability,C:/Users/_user/AppData/Roaming/ShipBit/WingmanAI/custom_skills/SC_Toolbox_Beta_V1.2/tools/Mining_Signals/training_data_panels/user_20260418_154408/region1/cap_20260418_160026_220.png,approved
training_data_hud_crops/mass/user_20260418_154408__cap_20260418_160029_408__21449.png,21449,mass,C:/Users/_user/AppData/Roaming/ShipBit/WingmanAI/custom_skills/SC_Toolbox_Beta_V1.2/tools/Mining_Signals/training_data_panels/user_20260418_154408/region1/cap_20260418_160029_408.png,approved
training_data_hud_crops/resistance/user_20260418_154408__cap_20260418_160029_408__0.png,0,resistance,C:/Users/_user/AppData/Roaming/ShipBit/WingmanAI/custom_skills/SC_Toolbox_Beta_V1.2/tools/Mining_Signals/training_data_panels/user_20260418_154408/region1/cap_20260418_160029_408.png,approved
training_data_hud_crops/instability/user_20260418_154408__cap_20260418_160029_408__21p47.png,21.47,instability,C:/Users/_user/AppData/Roaming/ShipBit/WingmanAI/custom_skills/SC_Toolbox_Beta_V1.2/tools/Mining_Signals/training_data_panels/user_20260418_154408/region1/cap_20260418_160029_408.png,approved
training_data_hud_crops/mass/user_20260418_154408__cap_20260418_160136_959__0.png,0,mass,C:/Users/_user/AppData/Roaming/ShipBit/WingmanAI/custom_skills/SC_Toolbox_Beta_V1.2/tools/Mining_Signals/training_data_panels/user_20260418_154408/region1/cap_20260418_160136_959.png,approved
training_data_hud_crops/resistance/user_20260418_154408__cap_20260418_160136_959__0.png,0,resistance,C:/Users/_user/AppData/Roaming/ShipBit/WingmanAI/custom_skills/SC_Toolbox_Beta_V1.2/tools/Mining_Signals/training_data_panels/user_20260418_154408/region1/cap_20260418_160136_959.png,approved
training_data_hud_crops/instability/user_20260418_154408__cap_20260418_160136_959__0.png,0,instability,C:/Users/_user/AppData/Roaming/ShipBit/WingmanAI/custom_skills/SC_Toolbox_Beta_V1.2/tools/Mining_Signals/training_data_panels/user_20260418_154408/region1/cap_20260418_160136_959.png,approved
training_data_hud_crops/mass/user_20260418_154408__cap_20260418_160139_576__0.png,0,mass,C:/Users/_user/AppData/Roaming/ShipBit/WingmanAI/custom_skills/SC_Toolbox_Beta_V1.2/tools/Mining_Signals/training_data_panels/user_20260418_154408/region1/cap_20260418_160139_576.png,approved
training_data_hud_crops/resistance/user_20260418_154408__cap_20260418_160139_576__0.png,0,resistance,C:/Users/_user/AppData/Roaming/ShipBit/WingmanAI/custom_skills/SC_Toolbox_Beta_V1.2/tools/Mining_Signals/training_data_panels/user_20260418_154408/region1/cap_20260418_160139_576.png,approved
training_data_hud_crops/instability/user_20260418_154408__cap_20260418_160139_576__0.png,0,instability,C:/Users/_user/AppData/Roaming/ShipBit/WingmanAI/custom_skills/SC_Toolbox_Beta_V1.2/tools/Mining_Signals/training_data_panels/user_20260418_154408/region1/cap_20260418_160139_576.png,approved
training_data_hud_crops/mass/user_20260418_154408__cap_20260418_160140_986__0.png,0,mass,C:/Users/_user/AppData/Roaming/ShipBit/WingmanAI/custom_skills/SC_Toolbox_Beta_V1.2/tools/Mining_Signals/training_data_panels/user_20260418_154408/region1/cap_20260418_160140_986.png,approved
training_data_hud_crops/resistance/user_20260418_154408__cap_20260418_160140_986__0.png,0,resistance,C:/Users/_user/AppData/Roaming/ShipBit/WingmanAI/custom_skills/SC_Toolbox_Beta_V1.2/tools/Mining_Signals/training_data_panels/user_20260418_154408/region1/cap_20260418_160140_986.png,approved
training_data_hud_crops/instability/user_20260418_154408__cap_20260418_160140_986__0.png,0,instability,C:/Users/_user/AppData/Roaming/ShipBit/WingmanAI/custom_skills/SC_Toolbox_Beta_V1.2/tools/Mining_Signals/training_data_panels/user_20260418_154408/region1/cap_20260418_160140_986.png,approved
training_data_hud_crops/mass/user_20260418_154408__cap_20260418_160145_257__0.png,0,mass,C:/Users/_user/AppData/Roaming/ShipBit/WingmanAI/custom_skills/SC_Toolbox_Beta_V1.2/tools/Mining_Signals/training_data_panels/user_20260418_154408/region1/cap_20260418_160145_257.png,approved
training_data_hud_crops/resistance/user_20260418_154408__cap_20260418_160145_257__0.png,0,resistance,C:/Users/_user/AppData/Roaming/ShipBit/WingmanAI/custom_skills/SC_Toolbox_Beta_V1.2/tools/Mining_Signals/training_data_panels/user_20260418_154408/region1/cap_20260418_160145_257.png,approved
training_data_hud_crops/instability/user_20260418_154408__cap_20260418_160145_257__0.png,0,instability,C:/Users/_user/AppData/Roaming/ShipBit/WingmanAI/custom_skills/SC_Toolbox_Beta_V1.2/tools/Mining_Signals/training_data_panels/user_20260418_154408/region1/cap_20260418_160145_257.png,approved
training_data_hud_crops/mass/user_20260418_154408__cap_20260418_160150_881__0.png,0,mass,C:/Users/_user/AppData/Roaming/ShipBit/WingmanAI/custom_skills/SC_Toolbox_Beta_V1.2/tools/Mining_Signals/training_data_panels/user_20260418_154408/region1/cap_20260418_160150_881.png,approved
training_data_hud_crops/resistance/user_20260418_154408__cap_20260418_160150_881__0.png,0,resistance,C:/Users/_user/AppData/Roaming/ShipBit/WingmanAI/custom_skills/SC_Toolbox_Beta_V1.2/tools/Mining_Signals/training_data_panels/user_20260418_154408/region1/cap_20260418_160150_881.png,approved
training_data_hud_crops/instability/user_20260418_154408__cap_20260418_160150_881__0.png,0,instability,C:/Users/_user/AppData/Roaming/ShipBit/WingmanAI/custom_skills/SC_Toolbox_Beta_V1.2/tools/Mining_Signals/training_data_panels/user_20260418_154408/region1/cap_20260418_160150_881.png,approved
training_data_hud_crops/mass/user_20260418_154408__cap_20260418_160153_932__6929.png,6929,mass,C:/Users/_user/AppData/Roaming/ShipBit/WingmanAI/custom_skills/SC_Toolbox_Beta_V1.2/tools/Mining_Signals/training_data_panels/user_20260418_154408/region1/cap_20260418_160153_932.png,approved
training_data_hud_crops/resistance/user_20260418_154408__cap_20260418_160153_932__1.png,1,resistance,C:/Users/_user/AppData/Roaming/ShipBit/WingmanAI/custom_skills/SC_Toolbox_Beta_V1.2/tools/Mining_Signals/training_data_panels/user_20260418_154408/region1/cap_20260418_160153_932.png,approved
training_data_hud_crops/instability/user_20260418_154408__cap_20260418_160153_932__2p08.png,2.08,instability,C:/Users/_user/AppData/Roaming/ShipBit/WingmanAI/custom_skills/SC_Toolbox_Beta_V1.2/tools/Mining_Signals/training_data_panels/user_20260418_154408/region1/cap_20260418_160153_932.png,approved
training_data_hud_crops/mass/user_20260418_154408__cap_20260418_160159_617__0.png,0,mass,C:/Users/_user/AppData/Roaming/ShipBit/WingmanAI/custom_skills/SC_Toolbox_Beta_V1.2/tools/Mining_Signals/training_data_panels/user_20260418_154408/region1/cap_20260418_160159_617.png,approved
training_data_hud_crops/resistance/user_20260418_154408__cap_20260418_160159_617__0.png,0,resistance,C:/Users/_user/AppData/Roaming/ShipBit/WingmanAI/custom_skills/SC_Toolbox_Beta_V1.2/tools/Mining_Signals/training_data_panels/user_20260418_154408/region1/cap_20260418_160159_617.png,approved
training_data_hud_crops/instability/user_20260418_154408__cap_20260418_160159_617__0.png,0,instability,C:/Users/_user/AppData/Roaming/ShipBit/WingmanAI/custom_skills/SC_Toolbox_Beta_V1.2/tools/Mining_Signals/training_data_panels/user_20260418_154408/region1/cap_20260418_160159_617.png,approved
training_data_hud_crops/mass/user_20260418_154408__cap_20260418_160202_855__6839.png,6839,mass,C:/Users/_user/AppData/Roaming/ShipBit/WingmanAI/custom_skills/SC_Toolbox_Beta_V1.2/tools/Mining_Signals/training_data_panels/user_20260418_154408/region1/cap_20260418_160202_855.png,approved
training_data_hud_crops/resistance/user_20260418_154408__cap_20260418_160202_855__1.png,1,resistance,C:/Users/_user/AppData/Roaming/ShipBit/WingmanAI/custom_skills/SC_Toolbox_Beta_V1.2/tools/Mining_Signals/training_data_panels/user_20260418_154408/region1/cap_20260418_160202_855.png,approved
training_data_hud_crops/instability/user_20260418_154408__cap_20260418_160202_855__1p78.png,1.78,instability,C:/Users/_user/AppData/Roaming/ShipBit/WingmanAI/custom_skills/SC_Toolbox_Beta_V1.2/tools/Mining_Signals/training_data_panels/user_20260418_154408/region1/cap_20260418_160202_855.png,approved
training_data_hud_crops/mass/user_20260418_154408__cap_20260418_160208_908__4001.png,4001,mass,C:/Users/_user/AppData/Roaming/ShipBit/WingmanAI/custom_skills/SC_Toolbox_Beta_V1.2/tools/Mining_Signals/training_data_panels/user_20260418_154408/region1/cap_20260418_160208_908.png,approved
training_data_hud_crops/resistance/user_20260418_154408__cap_20260418_160208_908__1.png,1,resistance,C:/Users/_user/AppData/Roaming/ShipBit/WingmanAI/custom_skills/SC_Toolbox_Beta_V1.2/tools/Mining_Signals/training_data_panels/user_20260418_154408/region1/cap_20260418_160208_908.png,approved
training_data_hud_crops/instability/user_20260418_154408__cap_20260418_160208_908__1p04.png,1.04,instability,C:/Users/_user/AppData/Roaming/ShipBit/WingmanAI/custom_skills/SC_Toolbox_Beta_V1.2/tools/Mining_Signals/training_data_panels/user_20260418_154408/region1/cap_20260418_160208_908.png,approved
training_data_hud_crops/mass/user_20260418_154408__cap_20260418_160211_145__4001.png,4001,mass,C:/Users/_user/AppData/Roaming/ShipBit/WingmanAI/custom_skills/SC_Toolbox_Beta_V1.2/tools/Mining_Signals/training_data_panels/user_20260418_154408/region1/cap_20260418_160211_145.png,approved
training_data_hud_crops/resistance/user_20260418_154408__cap_20260418_160211_145__1.png,1,resistance,C:/Users/_user/AppData/Roaming/ShipBit/WingmanAI/custom_skills/SC_Toolbox_Beta_V1.2/tools/Mining_Signals/training_data_panels/user_20260418_154408/region1/cap_20260418_160211_145.png,approved
training_data_hud_crops/instability/user_20260418_154408__cap_20260418_160211_145__1p04.png,1.04,instability,C:/Users/_user/AppData/Roaming/ShipBit/WingmanAI/custom_skills/SC_Toolbox_Beta_V1.2/tools/Mining_Signals/training_data_panels/user_20260418_154408/region1/cap_20260418_160211_145.png,approved
training_data_hud_crops/mass/user_20260418_154408__cap_20260418_160220_668__3629.png,3629,mass,C:/Users/_user/AppData/Roaming/ShipBit/WingmanAI/custom_skills/SC_Toolbox_Beta_V1.2/tools/Mining_Signals/training_data_panels/user_20260418_154408/region1/cap_20260418_160220_668.png,approved
training_data_hud_crops/resistance/user_20260418_154408__cap_20260418_160220_668__1.png,1,resistance,C:/Users/_user/AppData/Roaming/ShipBit/WingmanAI/custom_skills/SC_Toolbox_Beta_V1.2/tools/Mining_Signals/training_data_panels/user_20260418_154408/region1/cap_20260418_160220_668.png,approved
training_data_hud_crops/instability/user_20260418_154408__cap_20260418_160220_668__1p35.png,1.35,instability,C:/Users/_user/AppData/Roaming/ShipBit/WingmanAI/custom_skills/SC_Toolbox_Beta_V1.2/tools/Mining_Signals/training_data_panels/user_20260418_154408/region1/cap_20260418_160220_668.png,approved
training_data_hud_crops/mass/user_20260418_154408__cap_20260418_160223_671__3829.png,3829,mass,C:/Users/_user/AppData/Roaming/ShipBit/WingmanAI/custom_skills/SC_Toolbox_Beta_V1.2/tools/Mining_Signals/training_data_panels/user_20260418_154408/region1/cap_20260418_160223_671.png,approved
training_data_hud_crops/resistance/user_20260418_154408__cap_20260418_160223_671__1.png,1,resistance,C:/Users/_user/AppData/Roaming/ShipBit/WingmanAI/custom_skills/SC_Toolbox_Beta_V1.2/tools/Mining_Signals/training_data_panels/user_20260418_154408/region1/cap_20260418_160223_671.png,approved
training_data_hud_crops/instability/user_20260418_154408__cap_20260418_160223_671__1p35.png,1.35,instability,C:/Users/_user/AppData/Roaming/ShipBit/WingmanAI/custom_skills/SC_Toolbox_Beta_V1.2/tools/Mining_Signals/training_data_panels/user_20260418_154408/region1/cap_20260418_160223_671.png,approved
training_data_hud_crops/mass/user_20260418_154408__cap_20260418_160225_556__4001.png,4001,mass,C:/Users/_user/AppData/Roaming/ShipBit/WingmanAI/custom_skills/SC_Toolbox_Beta_V1.2/tools/Mining_Signals/training_data_panels/user_20260418_154408/region1/cap_20260418_160225_556.png,approved
training_data_hud_crops/resistance/user_20260418_154408__cap_20260418_160225_556__1.png,1,resistance,C:/Users/_user/AppData/Roaming/ShipBit/WingmanAI/custom_skills/SC_Toolbox_Beta_V1.2/tools/Mining_Signals/training_data_panels/user_20260418_154408/region1/cap_20260418_160225_556.png,approved
training_data_hud_crops/instability/user_20260418_154408__cap_20260418_160225_556__1p04.png,1.04,instability,C:/Users/_user/AppData/Roaming/ShipBit/WingmanAI/custom_skills/SC_Toolbox_Beta_V1.2/tools/Mining_Signals/training_data_panels/user_20260418_154408/region1/cap_20260418_160225_556.png,approved
training_data_hud_crops/mass/user_20260418_154408__cap_20260418_160231_011__6839.png,6839,mass,C:/Users/_user/AppData/Roaming/ShipBit/WingmanAI/custom_skills/SC_Toolbox_Beta_V1.2/tools/Mining_Signals/training_data_panels/user_20260418_154408/region1/cap_20260418_160231_011.png,approved
training_data_hud_crops/resistance/user_20260418_154408__cap_20260418_160231_011__1.png,1,resistance,C:/Users/_user/AppData/Roaming/ShipBit/WingmanAI/custom_skills/SC_Toolbox_Beta_V1.2/tools/Mining_Signals/training_data_panels/user_20260418_154408/region1/cap_20260418_160231_011.png,approved
training_data_hud_crops/instability/user_20260418_154408__cap_20260418_160231_011__1p78.png,1.78,instability,C:/Users/_user/AppData/Roaming/ShipBit/WingmanAI/custom_skills/SC_Toolbox_Beta_V1.2/tools/Mining_Signals/training_data_panels/user_20260418_154408/region1/cap_20260418_160231_011.png,approved
training_data_hud_crops/mass/user_20260418_154408__cap_20260418_160236_337__6929.png,6929,mass,C:/Users/_user/AppData/Roaming/ShipBit/WingmanAI/custom_skills/SC_Toolbox_Beta_V1.2/tools/Mining_Signals/training_data_panels/user_20260418_154408/region1/cap_20260418_160236_337.png,approved
training_data_hud_crops/resistance/user_20260418_154408__cap_20260418_160236_337__1.png,1,resistance,C:/Users/_user/AppData/Roaming/ShipBit/WingmanAI/custom_skills/SC_Toolbox_Beta_V1.2/tools/Mining_Signals/training_data_panels/user_20260418_154408/region1/cap_20260418_160236_337.png,approved
training_data_hud_crops/instability/user_20260418_154408__cap_20260418_160236_337__2p08.png,2.08,instability,C:/Users/_user/AppData/Roaming/ShipBit/WingmanAI/custom_skills/SC_Toolbox_Beta_V1.2/tools/Mining_Signals/training_data_panels/user_20260418_154408/region1/cap_20260418_160236_337.png,approved
training_data_hud_crops/mass/user_20260418_154408__cap_20260418_160329_560__0.png,0,mass,C:/Users/_user/AppData/Roaming/ShipBit/WingmanAI/custom_skills/SC_Toolbox_Beta_V1.2/tools/Mining_Signals/training_data_panels/user_20260418_154408/region1/cap_20260418_160329_560.png,approved
training_data_hud_crops/resistance/user_20260418_154408__cap_20260418_160329_560__0.png,0,resistance,C:/Users/_user/AppData/Roaming/ShipBit/WingmanAI/custom_skills/SC_Toolbox_Beta_V1.2/tools/Mining_Signals/training_data_panels/user_20260418_154408/region1/cap_20260418_160329_560.png,approved
training_data_hud_crops/instability/user_20260418_154408__cap_20260418_160329_560__0.png,0,instability,C:/Users/_user/AppData/Roaming/ShipBit/WingmanAI/custom_skills/SC_Toolbox_Beta_V1.2/tools/Mining_Signals/training_data_panels/user_20260418_154408/region1/cap_20260418_160329_560.png,approved
training_data_hud_crops/mass/user_20260418_154408__cap_20260418_160331_338__11746.png,11746,mass,C:/Users/_user/AppData/Roaming/ShipBit/WingmanAI/custom_skills/SC_Toolbox_Beta_V1.2/tools/Mining_Signals/training_data_panels/user_20260418_154408/region1/cap_20260418_160331_338.png,approved
training_data_hud_crops/resistance/user_20260418_154408__cap_20260418_160331_338__19.png,19,resistance,C:/Users/_user/AppData/Roaming/ShipBit/WingmanAI/custom_skills/SC_Toolbox_Beta_V1.2/tools/Mining_Signals/training_data_panels/user_20260418_154408/region1/cap_20260418_160331_338.png,approved
training_data_hud_crops/instability/user_20260418_154408__cap_20260418_160331_338__17p83.png,17.83,instability,C:/Users/_user/AppData/Roaming/ShipBit/WingmanAI/custom_skills/SC_Toolbox_Beta_V1.2/tools/Mining_Signals/training_data_panels/user_20260418_154408/region1/cap_20260418_160331_338.png,approved
training_data_hud_crops/mass/user_20260418_154408__cap_20260418_160336_686__11748.png,11748,mass,C:/Users/_user/AppData/Roaming/ShipBit/WingmanAI/custom_skills/SC_Toolbox_Beta_V1.2/tools/Mining_Signals/training_data_panels/user_20260418_154408/region1/cap_20260418_160336_686.png,approved
training_data_hud_crops/resistance/user_20260418_154408__cap_20260418_160336_686__19.png,19,resistance,C:/Users/_user/AppData/Roaming/ShipBit/WingmanAI/custom_skills/SC_Toolbox_Beta_V1.2/tools/Mining_Signals/training_data_panels/user_20260418_154408/region1/cap_20260418_160336_686.png,approved
training_data_hud_crops/instability/user_20260418_154408__cap_20260418_160336_686__17p83.png,17.83,instability,C:/Users/_user/AppData/Roaming/ShipBit/WingmanAI/custom_skills/SC_Toolbox_Beta_V1.2/tools/Mining_Signals/training_data_panels/user_20260418_154408/region1/cap_20260418_160336_686.png,approved
training_data_hud_crops/mass/user_20260418_154408__cap_20260418_160340_617__0.png,0,mass,C:/Users/_user/AppData/Roaming/ShipBit/WingmanAI/custom_skills/SC_Toolbox_Beta_V1.2/tools/Mining_Signals/training_data_panels/user_20260418_154408/region1/cap_20260418_160340_617.png,approved
training_data_hud_crops/mass/user_20260418_154408__cap_20260418_160347_045__0.png,0,mass,C:/Users/_user/AppData/Roaming/ShipBit/WingmanAI/custom_skills/SC_Toolbox_Beta_V1.2/tools/Mining_Signals/training_data_panels/user_20260418_154408/region1/cap_20260418_160347_045.png,approved
training_data_hud_crops/resistance/user_20260418_154408__cap_20260418_160347_045__0.png,0,resistance,C:/Users/_user/AppData/Roaming/ShipBit/WingmanAI/custom_skills/SC_Toolbox_Beta_V1.2/tools/Mining_Signals/training_data_panels/user_20260418_154408/region1/cap_20260418_160347_045.png,approved
training_data_hud_crops/instability/user_20260418_154408__cap_20260418_160347_045__0.png,0,instability,C:/Users/_user/AppData/Roaming/ShipBit/WingmanAI/custom_skills/SC_Toolbox_Beta_V1.2/tools/Mining_Signals/training_data_panels/user_20260418_154408/region1/cap_20260418_160347_045.png,approved
training_data_hud_crops/mass/user_20260418_154408__cap_20260418_160349_019__10969.png,10969,mass,C:/Users/_user/AppData/Roaming/ShipBit/WingmanAI/custom_skills/SC_Toolbox_Beta_V1.2/tools/Mining_Signals/training_data_panels/user_20260418_154408/region1/cap_20260418_160349_019.png,approved
training_data_hud_crops/resistance/user_20260418_154408__cap_20260418_160349_019__22.png,22,resistance,C:/Users/_user/AppData/Roaming/ShipBit/WingmanAI/custom_skills/SC_Toolbox_Beta_V1.2/tools/Mining_Signals/training_data_panels/user_20260418_154408/region1/cap_20260418_160349_019.png,approved
training_data_hud_crops/instability/user_20260418_154408__cap_20260418_160349_019__22p58.png,22.58,instability,C:/Users/_user/AppData/Roaming/ShipBit/WingmanAI/custom_skills/SC_Toolbox_Beta_V1.2/tools/Mining_Signals/training_data_panels/user_20260418_154408/region1/cap_20260418_160349_019.png,approved
training_data_hud_crops/mass/user_20260418_154408__cap_20260418_160352_369__0.png,0,mass,C:/Users/_user/AppData/Roaming/ShipBit/WingmanAI/custom_skills/SC_Toolbox_Beta_V1.2/tools/Mining_Signals/training_data_panels/user_20260418_154408/region1/cap_20260418_160352_369.png,approved
training_data_hud_crops/resistance/user_20260418_154408__cap_20260418_160352_369__0.png,0,resistance,C:/Users/_user/AppData/Roaming/ShipBit/WingmanAI/custom_skills/SC_Toolbox_Beta_V1.2/tools/Mining_Signals/training_data_panels/user_20260418_154408/region1/cap_20260418_160352_369.png,approved
training_data_hud_crops/instability/user_20260418_154408__cap_20260418_160352_369__0.png,0,instability,C:/Users/_user/AppData/Roaming/ShipBit/WingmanAI/custom_skills/SC_Toolbox_Beta_V1.2/tools/Mining_Signals/training_data_panels/user_20260418_154408/region1/cap_20260418_160352_369.png,approved
training_data_hud_crops/mass/user_20260418_154408__cap_20260418_160356_883__13784.png,13784,mass,C:/Users/_user/AppData/Roaming/ShipBit/WingmanAI/custom_skills/SC_Toolbox_Beta_V1.2/tools/Mining_Signals/training_data_panels/user_20260418_154408/region1/cap_20260418_160356_883.png,approved
training_data_hud_crops/resistance/user_20260418_154408__cap_20260418_160356_883__21.png,21,resistance,C:/Users/_user/AppData/Roaming/ShipBit/WingmanAI/custom_skills/SC_Toolbox_Beta_V1.2/tools/Mining_Signals/training_data_panels/user_20260418_154408/region1/cap_20260418_160356_883.png,approved
training_data_hud_crops/instability/user_20260418_154408__cap_20260418_160356_883__19p08.png,19.08,instability,C:/Users/_user/AppData/Roaming/ShipBit/WingmanAI/custom_skills/SC_Toolbox_Beta_V1.2/tools/Mining_Signals/training_data_panels/user_20260418_154408/region1/cap_20260418_160356_883.png,approved
training_data_hud_crops/mass/user_20260418_154408__cap_20260418_160402_808__11748.png,11748,mass,C:/Users/_user/AppData/Roaming/ShipBit/WingmanAI/custom_skills/SC_Toolbox_Beta_V1.2/tools/Mining_Signals/training_data_panels/user_20260418_154408/region1/cap_20260418_160402_808.png,approved
training_data_hud_crops/resistance/user_20260418_154408__cap_20260418_160402_808__19.png,19,resistance,C:/Users/_user/AppData/Roaming/ShipBit/WingmanAI/custom_skills/SC_Toolbox_Beta_V1.2/tools/Mining_Signals/training_data_panels/user_20260418_154408/region1/cap_20260418_160402_808.png,approved
training_data_hud_crops/instability/user_20260418_154408__cap_20260418_160402_808__17p83.png,17.83,instability,C:/Users/_user/AppData/Roaming/ShipBit/WingmanAI/custom_skills/SC_Toolbox_Beta_V1.2/tools/Mining_Signals/training_data_panels/user_20260418_154408/region1/cap_20260418_160402_808.png,approved
training_data_hud_crops/mass/user_20260418_154408__cap_20260418_170509_245__27265.png,27265,mass,C:/Users/_user/AppData/Roaming/ShipBit/WingmanAI/custom_skills/SC_Toolbox_Beta_V1.2/tools/Mining_Signals/training_data_panels/user_20260418_154408/region1/cap_20260418_170509_245.png,approved
training_data_hud_crops/resistance/user_20260418_154408__cap_20260418_170509_245__46.png,46,resistance,C:/Users/_user/AppData/Roaming/ShipBit/WingmanAI/custom_skills/SC_Toolbox_Beta_V1.2/tools/Mining_Signals/training_data_panels/user_20260418_154408/region1/cap_20260418_170509_245.png,approved
training_data_hud_crops/instability/user_20260418_154408__cap_20260418_170509_245__282p02.png,282.02,instability,C:/Users/_user/AppData/Roaming/ShipBit/WingmanAI/custom_skills/SC_Toolbox_Beta_V1.2/tools/Mining_Signals/training_data_panels/user_20260418_154408/region1/cap_20260418_170509_245.png,approved
training_data_hud_crops/mass/user_20260418_154408__cap_20260418_170511_666__27265.png,27265,mass,C:/Users/_user/AppData/Roaming/ShipBit/WingmanAI/custom_skills/SC_Toolbox_Beta_V1.2/tools/Mining_Signals/training_data_panels/user_20260418_154408/region1/cap_20260418_170511_666.png,approved
training_data_hud_crops/resistance/user_20260418_154408__cap_20260418_170511_666__46.png,46,resistance,C:/Users/_user/AppData/Roaming/ShipBit/WingmanAI/custom_skills/SC_Toolbox_Beta_V1.2/tools/Mining_Signals/training_data_panels/user_20260418_154408/region1/cap_20260418_170511_666.png,approved
training_data_hud_crops/instability/user_20260418_154408__cap_20260418_170511_666__282p02.png,282.02,instability,C:/Users/_user/AppData/Roaming/ShipBit/WingmanAI/custom_skills/SC_Toolbox_Beta_V1.2/tools/Mining_Signals/training_data_panels/user_20260418_154408/region1/cap_20260418_170511_666.png,approved
training_data_hud_crops/mass/user_20260418_154408__cap_20260418_170515_952__28265.png,28265,mass,C:/Users/_user/AppData/Roaming/ShipBit/WingmanAI/custom_skills/SC_Toolbox_Beta_V1.2/tools/Mining_Signals/training_data_panels/user_20260418_154408/region1/cap_20260418_170515_952.png,approved
training_data_hud_crops/resistance/user_20260418_154408__cap_20260418_170515_952__46.png,46,resistance,C:/Users/_user/AppData/Roaming/ShipBit/WingmanAI/custom_skills/SC_Toolbox_Beta_V1.2/tools/Mining_Signals/training_data_panels/user_20260418_154408/region1/cap_20260418_170515_952.png,approved
training_data_hud_crops/instability/user_20260418_154408__cap_20260418_170515_952__282p02.png,282.02,instability,C:/Users/_user/AppData/Roaming/ShipBit/WingmanAI/custom_skills/SC_Toolbox_Beta_V1.2/tools/Mining_Signals/training_data_panels/user_20260418_154408/region1/cap_20260418_170515_952.png,approved
training_data_hud_crops/mass/user_20260418_154408__cap_20260418_170525_629__27265.png,27265,mass,C:/Users/_user/AppData/Roaming/ShipBit/WingmanAI/custom_skills/SC_Toolbox_Beta_V1.2/tools/Mining_Signals/training_data_panels/user_20260418_154408/region1/cap_20260418_170525_629.png,approved
training_data_hud_crops/resistance/user_20260418_154408__cap_20260418_170525_629__46.png,46,resistance,C:/Users/_user/AppData/Roaming/ShipBit/WingmanAI/custom_skills/SC_Toolbox_Beta_V1.2/tools/Mining_Signals/training_data_panels/user_20260418_154408/region1/cap_20260418_170525_629.png,approved
training_data_hud_crops/instability/user_20260418_154408__cap_20260418_170525_629__282p02.png,282.02,instability,C:/Users/_user/AppData/Roaming/ShipBit/WingmanAI/custom_skills/SC_Toolbox_Beta_V1.2/tools/Mining_Signals/training_data_panels/user_20260418_154408/region1/cap_20260418_170525_629.png,approved
training_data_hud_crops/mass/user_20260418_154408__cap_20260418_170538_161__0.png,0,mass,C:/Users/_user/AppData/Roaming/ShipBit/WingmanAI/custom_skills/SC_Toolbox_Beta_V1.2/tools/Mining_Signals/training_data_panels/user_20260418_154408/region1/cap_20260418_170538_161.png,approved
training_data_hud_crops/resistance/user_20260418_154408__cap_20260418_170538_161__0.png,0,resistance,C:/Users/_user/AppData/Roaming/ShipBit/WingmanAI/custom_skills/SC_Toolbox_Beta_V1.2/tools/Mining_Signals/training_data_panels/user_20260418_154408/region1/cap_20260418_170538_161.png,approved
training_data_hud_crops/instability/user_20260418_154408__cap_20260418_170538_161__0.png,0,instability,C:/Users/_user/AppData/Roaming/ShipBit/WingmanAI/custom_skills/SC_Toolbox_Beta_V1.2/tools/Mining_Signals/training_data_panels/user_20260418_154408/region1/cap_20260418_170538_161.png,approved
training_data_hud_crops/mass/user_20260418_154408__cap_20260418_170553_235__60960.png,60960,mass,C:/Users/_user/AppData/Roaming/ShipBit/WingmanAI/custom_skills/SC_Toolbox_Beta_V1.2/tools/Mining_Signals/training_data_panels/user_20260418_154408/region1/cap_20260418_170553_235.png,approved
training_data_hud_crops/resistance/user_20260418_154408__cap_20260418_170553_235__79.png,79,resistance,C:/Users/_user/AppData/Roaming/ShipBit/WingmanAI/custom_skills/SC_Toolbox_Beta_V1.2/tools/Mining_Signals/training_data_panels/user_20260418_154408/region1/cap_20260418_170553_235.png,approved
training_data_hud_crops/instability/user_20260418_154408__cap_20260418_170553_235__586p12.png,586.12,instability,C:/Users/_user/AppData/Roaming/ShipBit/WingmanAI/custom_skills/SC_Toolbox_Beta_V1.2/tools/Mining_Signals/training_data_panels/user_20260418_154408/region1/cap_20260418_170553_235.png,approved
training_data_hud_crops/mass/user_20260418_154408__cap_20260418_170555_507__60960.png,60960,mass,C:/Users/_user/AppData/Roaming/ShipBit/WingmanAI/custom_skills/SC_Toolbox_Beta_V1.2/tools/Mining_Signals/training_data_panels/user_20260418_154408/region1/cap_20260418_170555_507.png,approved
training_data_hud_crops/resistance/user_20260418_154408__cap_20260418_170555_507__79.png,79,resistance,C:/Users/_user/AppData/Roaming/ShipBit/WingmanAI/custom_skills/SC_Toolbox_Beta_V1.2/tools/Mining_Signals/training_data_panels/user_20260418_154408/region1/cap_20260418_170555_507.png,approved
training_data_hud_crops/instability/user_20260418_154408__cap_20260418_170555_507__586p12.png,586.12,instability,C:/Users/_user/AppData/Roaming/ShipBit/WingmanAI/custom_skills/SC_Toolbox_Beta_V1.2/tools/Mining_Signals/training_data_panels/user_20260418_154408/region1/cap_20260418_170555_507.png,approved
training_data_hud_crops/mass/user_20260418_154408__cap_20260418_173435_418__8590.png,8590,mass,C:/Users/_user/AppData/Roaming/ShipBit/WingmanAI/custom_skills/SC_Toolbox_Beta_V1.2/tools/Mining_Signals/training_data_panels/user_20260418_154408/region1/cap_20260418_173435_418.png,approved
training_data_hud_crops/resistance/user_20260418_154408__cap_20260418_173435_418__60.png,60,resistance,C:/Users/_user/AppData/Roaming/ShipBit/WingmanAI/custom_skills/SC_Toolbox_Beta_V1.2/tools/Mining_Signals/training_data_panels/user_20260418_154408/region1/cap_20260418_173435_418.png,approved
training_data_hud_crops/instability/user_20260418_154408__cap_20260418_173435_418__198p35.png,198.35,instability,C:/Users/_user/AppData/Roaming/ShipBit/WingmanAI/custom_skills/SC_Toolbox_Beta_V1.2/tools/Mining_Signals/training_data_panels/user_20260418_154408/region1/cap_20260418_173435_418.png,approved
training_data_hud_crops/mass/user_20260418_154408__cap_20260418_173437_328__8590.png,8590,mass,C:/Users/_user/AppData/Roaming/ShipBit/WingmanAI/custom_skills/SC_Toolbox_Beta_V1.2/tools/Mining_Signals/training_data_panels/user_20260418_154408/region1/cap_20260418_173437_328.png,approved
training_data_hud_crops/resistance/user_20260418_154408__cap_20260418_173437_328__60.png,60,resistance,C:/Users/_user/AppData/Roaming/ShipBit/WingmanAI/custom_skills/SC_Toolbox_Beta_V1.2/tools/Mining_Signals/training_data_panels/user_20260418_154408/region1/cap_20260418_173437_328.png,approved
training_data_hud_crops/instability/user_20260418_154408__cap_20260418_173437_328__198p35.png,198.35,instability,C:/Users/_user/AppData/Roaming/ShipBit/WingmanAI/custom_skills/SC_Toolbox_Beta_V1.2/tools/Mining_Signals/training_data_panels/user_20260418_154408/region1/cap_20260418_173437_328.png,approved
training_data_hud_crops/mass/user_20260418_154408__cap_20260418_173444_003__0.png,0,mass,C:/Users/_user/AppData/Roaming/ShipBit/WingmanAI/custom_skills/SC_Toolbox_Beta_V1.2/tools/Mining_Signals/training_data_panels/user_20260418_154408/region1/cap_20260418_173444_003.png,approved
training_data_hud_crops/resistance/user_20260418_154408__cap_20260418_173444_003__0.png,0,resistance,C:/Users/_user/AppData/Roaming/ShipBit/WingmanAI/custom_skills/SC_Toolbox_Beta_V1.2/tools/Mining_Signals/training_data_panels/user_20260418_154408/region1/cap_20260418_173444_003.png,approved
training_data_hud_crops/instability/user_20260418_154408__cap_20260418_173444_003__0.png,0,instability,C:/Users/_user/AppData/Roaming/ShipBit/WingmanAI/custom_skills/SC_Toolbox_Beta_V1.2/tools/Mining_Signals/training_data_panels/user_20260418_154408/region1/cap_20260418_173444_003.png,approved
training_data_hud_crops/mass/user_20260418_154408__cap_20260418_173445_943__0.png,0,mass,C:/Users/_user/AppData/Roaming/ShipBit/WingmanAI/custom_skills/SC_Toolbox_Beta_V1.2/tools/Mining_Signals/training_data_panels/user_20260418_154408/region1/cap_20260418_173445_943.png,approved
training_data_hud_crops/resistance/user_20260418_154408__cap_20260418_173445_943__0.png,0,resistance,C:/Users/_user/AppData/Roaming/ShipBit/WingmanAI/custom_skills/SC_Toolbox_Beta_V1.2/tools/Mining_Signals/training_data_panels/user_20260418_154408/region1/cap_20260418_173445_943.png,approved
training_data_hud_crops/instability/user_20260418_154408__cap_20260418_173445_943__0.png,0,instability,C:/Users/_user/AppData/Roaming/ShipBit/WingmanAI/custom_skills/SC_Toolbox_Beta_V1.2/tools/Mining_Signals/training_data_panels/user_20260418_154408/region1/cap_20260418_173445_943.png,approved
training_data_hud_crops/mass/user_20260418_154408__cap_20260418_173452_062__3694.png,3694,mass,C:/Users/_user/AppData/Roaming/ShipBit/WingmanAI/custom_skills/SC_Toolbox_Beta_V1.2/tools/Mining_Signals/training_data_panels/user_20260418_154408/region1/cap_20260418_173452_062.png,approved
training_data_hud_crops/resistance/user_20260418_154408__cap_20260418_173452_062__47.png,47,resistance,C:/Users/_user/AppData/Roaming/ShipBit/WingmanAI/custom_skills/SC_Toolbox_Beta_V1.2/tools/Mining_Signals/training_data_panels/user_20260418_154408/region1/cap_20260418_173452_062.png,approved
training_data_hud_crops/instability/user_20260418_154408__cap_20260418_173452_062__69p11.png,69.11,instability,C:/Users/_user/AppData/Roaming/ShipBit/WingmanAI/custom_skills/SC_Toolbox_Beta_V1.2/tools/Mining_Signals/training_data_panels/user_20260418_154408/region1/cap_20260418_173452_062.png,approved
training_data_hud_crops/mass/user_20260418_154408__cap_20260418_173454_203__3694.png,3694,mass,C:/Users/_user/AppData/Roaming/ShipBit/WingmanAI/custom_skills/SC_Toolbox_Beta_V1.2/tools/Mining_Signals/training_data_panels/user_20260418_154408/region1/cap_20260418_173454_203.png,approved
training_data_hud_crops/resistance/user_20260418_154408__cap_20260418_173454_203__47.png,47,resistance,C:/Users/_user/AppData/Roaming/ShipBit/WingmanAI/custom_skills/SC_Toolbox_Beta_V1.2/tools/Mining_Signals/training_data_panels/user_20260418_154408/region1/cap_20260418_173454_203.png,approved
training_data_hud_crops/instability/user_20260418_154408__cap_20260418_173454_203__69p11.png,69.11,instability,C:/Users/_user/AppData/Roaming/ShipBit/WingmanAI/custom_skills/SC_Toolbox_Beta_V1.2/tools/Mining_Signals/training_data_panels/user_20260418_154408/region1/cap_20260418_173454_203.png,approved
training_data_hud_crops/mass/user_20260418_154408__cap_20260418_173639_188__0.png,0,mass,C:/Users/_user/AppData/Roaming/ShipBit/WingmanAI/custom_skills/SC_Toolbox_Beta_V1.2/tools/Mining_Signals/training_data_panels/user_20260418_154408/region1/cap_20260418_173639_188.png,approved
training_data_hud_crops/resistance/user_20260418_154408__cap_20260418_173639_188__0.png,0,resistance,C:/Users/_user/AppData/Roaming/ShipBit/WingmanAI/custom_skills/SC_Toolbox_Beta_V1.2/tools/Mining_Signals/training_data_panels/user_20260418_154408/region1/cap_20260418_173639_188.png,approved
training_data_hud_crops/instability/user_20260418_154408__cap_20260418_173639_188__0.png,0,instability,C:/Users/_user/AppData/Roaming/ShipBit/WingmanAI/custom_skills/SC_Toolbox_Beta_V1.2/tools/Mining_Signals/training_data_panels/user_20260418_154408/region1/cap_20260418_173639_188.png,approved
training_data_hud_crops/mass/user_20260418_154408__cap_20260418_173640_329__0.png,0,mass,C:/Users/_user/AppData/Roaming/ShipBit/WingmanAI/custom_skills/SC_Toolbox_Beta_V1.2/tools/Mining_Signals/training_data_panels/user_20260418_154408/region1/cap_20260418_173640_329.png,approved
training_data_hud_crops/resistance/user_20260418_154408__cap_20260418_173640_329__0.png,0,resistance,C:/Users/_user/AppData/Roaming/ShipBit/WingmanAI/custom_skills/SC_Toolbox_Beta_V1.2/tools/Mining_Signals/training_data_panels/user_20260418_154408/region1/cap_20260418_173640_329.png,approved
training_data_hud_crops/instability/user_20260418_154408__cap_20260418_173640_329__0.png,0,instability,C:/Users/_user/AppData/Roaming/ShipBit/WingmanAI/custom_skills/SC_Toolbox_Beta_V1.2/tools/Mining_Signals/training_data_panels/user_20260418_154408/region1/cap_20260418_173640_329.png,approved
training_data_hud_crops/mass/user_20260418_154408__cap_20260418_173641_498__2904.png,2904,mass,C:/Users/_user/AppData/Roaming/ShipBit/WingmanAI/custom_skills/SC_Toolbox_Beta_V1.2/tools/Mining_Signals/training_data_panels/user_20260418_154408/region1/cap_20260418_173641_498.png,approved
training_data_hud_crops/resistance/user_20260418_154408__cap_20260418_173641_498__48.png,48,resistance,C:/Users/_user/AppData/Roaming/ShipBit/WingmanAI/custom_skills/SC_Toolbox_Beta_V1.2/tools/Mining_Signals/training_data_panels/user_20260418_154408/region1/cap_20260418_173641_498.png,approved
training_data_hud_crops/instability/user_20260418_154408__cap_20260418_173641_498__54p49.png,54.49,instability,C:/Users/_user/AppData/Roaming/ShipBit/WingmanAI/custom_skills/SC_Toolbox_Beta_V1.2/tools/Mining_Signals/training_data_panels/user_20260418_154408/region1/cap_20260418_173641_498.png,approved
training_data_hud_crops/mass/user_20260418_154408__cap_20260418_173643_867__2904.png,2904,mass,C:/Users/_user/AppData/Roaming/ShipBit/WingmanAI/custom_skills/SC_Toolbox_Beta_V1.2/tools/Mining_Signals/training_data_panels/user_20260418_154408/region1/cap_20260418_173643_867.png,approved
training_data_hud_crops/resistance/user_20260418_154408__cap_20260418_173643_867__48.png,48,resistance,C:/Users/_user/AppData/Roaming/ShipBit/WingmanAI/custom_skills/SC_Toolbox_Beta_V1.2/tools/Mining_Signals/training_data_panels/user_20260418_154408/region1/cap_20260418_173643_867.png,approved
training_data_hud_crops/instability/user_20260418_154408__cap_20260418_173643_867__54p49.png,54.49,instability,C:/Users/_user/AppData/Roaming/ShipBit/WingmanAI/custom_skills/SC_Toolbox_Beta_V1.2/tools/Mining_Signals/training_data_panels/user_20260418_154408/region1/cap_20260418_173643_867.png,approved
training_data_hud_crops/mass/user_20260418_154408__cap_20260418_173649_813__0.png,0,mass,C:/Users/_user/AppData/Roaming/ShipBit/WingmanAI/custom_skills/SC_Toolbox_Beta_V1.2/tools/Mining_Signals/training_data_panels/user_20260418_154408/region1/cap_20260418_173649_813.png,approved
training_data_hud_crops/resistance/user_20260418_154408__cap_20260418_173649_813__0.png,0,resistance,C:/Users/_user/AppData/Roaming/ShipBit/WingmanAI/custom_skills/SC_Toolbox_Beta_V1.2/tools/Mining_Signals/training_data_panels/user_20260418_154408/region1/cap_20260418_173649_813.png,approved
training_data_hud_crops/instability/user_20260418_154408__cap_20260418_173649_813__0.png,0,instability,C:/Users/_user/AppData/Roaming/ShipBit/WingmanAI/custom_skills/SC_Toolbox_Beta_V1.2/tools/Mining_Signals/training_data_panels/user_20260418_154408/region1/cap_20260418_173649_813.png,approved
training_data_hud_crops/mass/user_20260418_154408__cap_20260418_173651_601__0.png,0,mass,C:/Users/_user/AppData/Roaming/ShipBit/WingmanAI/custom_skills/SC_Toolbox_Beta_V1.2/tools/Mining_Signals/training_data_panels/user_20260418_154408/region1/cap_20260418_173651_601.png,approved
training_data_hud_crops/resistance/user_20260418_154408__cap_20260418_173651_601__0.png,0,resistance,C:/Users/_user/AppData/Roaming/ShipBit/WingmanAI/custom_skills/SC_Toolbox_Beta_V1.2/tools/Mining_Signals/training_data_panels/user_20260418_154408/region1/cap_20260418_173651_601.png,approved
training_data_hud_crops/instability/user_20260418_154408__cap_20260418_173651_601__0.png,0,instability,C:/Users/_user/AppData/Roaming/ShipBit/WingmanAI/custom_skills/SC_Toolbox_Beta_V1.2/tools/Mining_Signals/training_data_panels/user_20260418_154408/region1/cap_20260418_173651_601.png,approved
training_data_hud_crops/mass/user_20260418_154408__cap_20260418_173655_211__3032.png,3032,mass,C:/Users/_user/AppData/Roaming/ShipBit/WingmanAI/custom_skills/SC_Toolbox_Beta_V1.2/tools/Mining_Signals/training_data_panels/user_20260418_154408/region1/cap_20260418_173655_211.png,approved
training_data_hud_crops/resistance/user_20260418_154408__cap_20260418_173655_211__44.png,44,resistance,C:/Users/_user/AppData/Roaming/ShipBit/WingmanAI/custom_skills/SC_Toolbox_Beta_V1.2/tools/Mining_Signals/training_data_panels/user_20260418_154408/region1/cap_20260418_173655_211.png,approved
training_data_hud_crops/instability/user_20260418_154408__cap_20260418_173655_211__53p05.png,53.05,instability,C:/Users/_user/AppData/Roaming/ShipBit/WingmanAI/custom_skills/SC_Toolbox_Beta_V1.2/tools/Mining_Signals/training_data_panels/user_20260418_154408/region1/cap_20260418_173655_211.png,approved
training_data_hud_crops/mass/user_20260418_154408__cap_20260418_173657_267__3032.png,3032,mass,C:/Users/_user/AppData/Roaming/ShipBit/WingmanAI/custom_skills/SC_Toolbox_Beta_V1.2/tools/Mining_Signals/training_data_panels/user_20260418_154408/region1/cap_20260418_173657_267.png,approved
training_data_hud_crops/resistance/user_20260418_154408__cap_20260418_173657_267__44.png,44,resistance,C:/Users/_user/AppData/Roaming/ShipBit/WingmanAI/custom_skills/SC_Toolbox_Beta_V1.2/tools/Mining_Signals/training_data_panels/user_20260418_154408/region1/cap_20260418_173657_267.png,approved
training_data_hud_crops/instability/user_20260418_154408__cap_20260418_173657_267__53p50.png,53.50,instability,C:/Users/_user/AppData/Roaming/ShipBit/WingmanAI/custom_skills/SC_Toolbox_Beta_V1.2/tools/Mining_Signals/training_data_panels/user_20260418_154408/region1/cap_20260418_173657_267.png,approved
training_data_hud_crops/mass/user_20260418_154408__cap_20260418_173701_330__3032.png,3032,mass,C:/Users/_user/AppData/Roaming/ShipBit/WingmanAI/custom_skills/SC_Toolbox_Beta_V1.2/tools/Mining_Signals/training_data_panels/user_20260418_154408/region1/cap_20260418_173701_330.png,approved
training_data_hud_crops/resistance/user_20260418_154408__cap_20260418_173701_330__44.png,44,resistance,C:/Users/_user/AppData/Roaming/ShipBit/WingmanAI/custom_skills/SC_Toolbox_Beta_V1.2/tools/Mining_Signals/training_data_panels/user_20260418_154408/region1/cap_20260418_173701_330.png,approved
training_data_hud_crops/instability/user_20260418_154408__cap_20260418_173701_330__53p05.png,53.05,instability,C:/Users/_user/AppData/Roaming/ShipBit/WingmanAI/custom_skills/SC_Toolbox_Beta_V1.2/tools/Mining_Signals/training_data_panels/user_20260418_154408/region1/cap_20260418_173701_330.png,approved
training_data_hud_crops/mass/user_20260418_154408__cap_20260418_173705_514__0.png,0,mass,C:/Users/_user/AppData/Roaming/ShipBit/WingmanAI/custom_skills/SC_Toolbox_Beta_V1.2/tools/Mining_Signals/training_data_panels/user_20260418_154408/region1/cap_20260418_173705_514.png,approved
training_data_hud_crops/resistance/user_20260418_154408__cap_20260418_173705_514__0.png,0,resistance,C:/Users/_user/AppData/Roaming/ShipBit/WingmanAI/custom_skills/SC_Toolbox_Beta_V1.2/tools/Mining_Signals/training_data_panels/user_20260418_154408/region1/cap_20260418_173705_514.png,approved
training_data_hud_crops/instability/user_20260418_154408__cap_20260418_173705_514__0.png,0,instability,C:/Users/_user/AppData/Roaming/ShipBit/WingmanAI/custom_skills/SC_Toolbox_Beta_V1.2/tools/Mining_Signals/training_data_panels/user_20260418_154408/region1/cap_20260418_173705_514.png,approved
training_data_hud_crops/resistance/user_20260418_154408__cap_20260418_173708_452__0.png,0,resistance,C:/Users/_user/AppData/Roaming/ShipBit/WingmanAI/custom_skills/SC_Toolbox_Beta_V1.2/tools/Mining_Signals/training_data_panels/user_20260418_154408/region1/cap_20260418_173708_452.png,approved
training_data_hud_crops/instability/user_20260418_154408__cap_20260418_173708_452__0.png,0,instability,C:/Users/_user/AppData/Roaming/ShipBit/WingmanAI/custom_skills/SC_Toolbox_Beta_V1.2/tools/Mining_Signals/training_data_panels/user_20260418_154408/region1/cap_20260418_173708_452.png,approved
training_data_hud_crops/resistance/user_20260418_154408__cap_20260418_173713_096__56.png,56,resistance,C:/Users/_user/AppData/Roaming/ShipBit/WingmanAI/custom_skills/SC_Toolbox_Beta_V1.2/tools/Mining_Signals/training_data_panels/user_20260418_154408/region1/cap_20260418_173713_096.png,approved
training_data_hud_crops/instability/user_20260418_154408__cap_20260418_173713_096__59p10.png,59.10,instability,C:/Users/_user/AppData/Roaming/ShipBit/WingmanAI/custom_skills/SC_Toolbox_Beta_V1.2/tools/Mining_Signals/training_data_panels/user_20260418_154408/region1/cap_20260418_173713_096.png,approved
training_data_hud_crops/mass/user_20260418_154408__cap_20260418_173715_878__2691.png,2691,mass,C:/Users/_user/AppData/Roaming/ShipBit/WingmanAI/custom_skills/SC_Toolbox_Beta_V1.2/tools/Mining_Signals/training_data_panels/user_20260418_154408/region1/cap_20260418_173715_878.png,approved
training_data_hud_crops/resistance/user_20260418_154408__cap_20260418_173715_878__56.png,56,resistance,C:/Users/_user/AppData/Roaming/ShipBit/WingmanAI/custom_skills/SC_Toolbox_Beta_V1.2/tools/Mining_Signals/training_data_panels/user_20260418_154408/region1/cap_20260418_173715_878.png,approved
training_data_hud_crops/instability/user_20260418_154408__cap_20260418_173715_878__59p10.png,59.10,instability,C:/Users/_user/AppData/Roaming/ShipBit/WingmanAI/custom_skills/SC_Toolbox_Beta_V1.2/tools/Mining_Signals/training_data_panels/user_20260418_154408/region1/cap_20260418_173715_878.png,approved
training_data_hud_crops/mass/user_20260418_154408__cap_20260418_173815_710__25919.png,25919,mass,C:/Users/_user/AppData/Roaming/ShipBit/WingmanAI/custom_skills/SC_Toolbox_Beta_V1.2/tools/Mining_Signals/training_data_panels/user_20260418_154408/region1/cap_20260418_173815_710.png,approved
training_data_hud_crops/resistance/user_20260418_154408__cap_20260418_173815_710__9.png,9,resistance,C:/Users/_user/AppData/Roaming/ShipBit/WingmanAI/custom_skills/SC_Toolbox_Beta_V1.2/tools/Mining_Signals/training_data_panels/user_20260418_154408/region1/cap_20260418_173815_710.png,approved
training_data_hud_crops/instability/user_20260418_154408__cap_20260418_173815_710__31p21.png,31.21,instability,C:/Users/_user/AppData/Roaming/ShipBit/WingmanAI/custom_skills/SC_Toolbox_Beta_V1.2/tools/Mining_Signals/training_data_panels/user_20260418_154408/region1/cap_20260418_173815_710.png,approved
training_data_hud_crops/mass/user_20260418_154408__cap_20260418_173818_163__25919.png,25919,mass,C:/Users/_user/AppData/Roaming/ShipBit/WingmanAI/custom_skills/SC_Toolbox_Beta_V1.2/tools/Mining_Signals/training_data_panels/user_20260418_154408/region1/cap_20260418_173818_163.png,approved
training_data_hud_crops/resistance/user_20260418_154408__cap_20260418_173818_163__0.png,0,resistance,C:/Users/_user/AppData/Roaming/ShipBit/WingmanAI/custom_skills/SC_Toolbox_Beta_V1.2/tools/Mining_Signals/training_data_panels/user_20260418_154408/region1/cap_20260418_173818_163.png,approved
training_data_hud_crops/instability/user_20260418_154408__cap_20260418_173818_163__31p21.png,31.21,instability,C:/Users/_user/AppData/Roaming/ShipBit/WingmanAI/custom_skills/SC_Toolbox_Beta_V1.2/tools/Mining_Signals/training_data_panels/user_20260418_154408/region1/cap_20260418_173818_163.png,approved
training_data_hud_crops/mass/user_20260418_154408__cap_20260418_173826_484__7260.png,7260,mass,C:/Users/_user/AppData/Roaming/ShipBit/WingmanAI/custom_skills/SC_Toolbox_Beta_V1.2/tools/Mining_Signals/training_data_panels/user_20260418_154408/region1/cap_20260418_173826_484.png,approved
training_data_hud_crops/resistance/user_20260418_154408__cap_20260418_173826_484__0.png,0,resistance,C:/Users/_user/AppData/Roaming/ShipBit/WingmanAI/custom_skills/SC_Toolbox_Beta_V1.2/tools/Mining_Signals/training_data_panels/user_20260418_154408/region1/cap_20260418_173826_484.png,approved
training_data_hud_crops/instability/user_20260418_154408__cap_20260418_173826_484__8p01.png,8.01,instability,C:/Users/_user/AppData/Roaming/ShipBit/WingmanAI/custom_skills/SC_Toolbox_Beta_V1.2/tools/Mining_Signals/training_data_panels/user_20260418_154408/region1/cap_20260418_173826_484.png,approved
training_data_hud_crops/mass/user_20260418_154408__cap_20260418_173830_446__7260.png,7260,mass,C:/Users/_user/AppData/Roaming/ShipBit/WingmanAI/custom_skills/SC_Toolbox_Beta_V1.2/tools/Mining_Signals/training_data_panels/user_20260418_154408/region1/cap_20260418_173830_446.png,approved
training_data_hud_crops/resistance/user_20260418_154408__cap_20260418_173830_446__0.png,0,resistance,C:/Users/_user/AppData/Roaming/ShipBit/WingmanAI/custom_skills/SC_Toolbox_Beta_V1.2/tools/Mining_Signals/training_data_panels/user_20260418_154408/region1/cap_20260418_173830_446.png,approved
training_data_hud_crops/instability/user_20260418_154408__cap_20260418_173830_446__8p01.png,8.01,instability,C:/Users/_user/AppData/Roaming/ShipBit/WingmanAI/custom_skills/SC_Toolbox_Beta_V1.2/tools/Mining_Signals/training_data_panels/user_20260418_154408/region1/cap_20260418_173830_446.png,approved
training_data_hud_crops/mass/user_20260418_154408__cap_20260418_173832_930__7266.png,7266,mass,C:/Users/_user/AppData/Roaming/ShipBit/WingmanAI/custom_skills/SC_Toolbox_Beta_V1.2/tools/Mining_Signals/training_data_panels/user_20260418_154408/region1/cap_20260418_173832_930.png,approved
training_data_hud_crops/resistance/user_20260418_154408__cap_20260418_173832_930__0.png,0,resistance,C:/Users/_user/AppData/Roaming/ShipBit/WingmanAI/custom_skills/SC_Toolbox_Beta_V1.2/tools/Mining_Signals/training_data_panels/user_20260418_154408/region1/cap_20260418_173832_930.png,approved
training_data_hud_crops/instability/user_20260418_154408__cap_20260418_173832_930__8p01.png,8.01,instability,C:/Users/_user/AppData/Roaming/ShipBit/WingmanAI/custom_skills/SC_Toolbox_Beta_V1.2/tools/Mining_Signals/training_data_panels/user_20260418_154408/region1/cap_20260418_173832_930.png,approved
training_data_hud_crops/mass/user_20260418_154408__cap_20260418_173845_011__8642.png,8642,mass,C:/Users/_user/AppData/Roaming/ShipBit/WingmanAI/custom_skills/SC_Toolbox_Beta_V1.2/tools/Mining_Signals/training_data_panels/user_20260418_154408/region1/cap_20260418_173845_011.png,approved
training_data_hud_crops/resistance/user_20260418_154408__cap_20260418_173845_011__0.png,0,resistance,C:/Users/_user/AppData/Roaming/ShipBit/WingmanAI/custom_skills/SC_Toolbox_Beta_V1.2/tools/Mining_Signals/training_data_panels/user_20260418_154408/region1/cap_20260418_173845_011.png,approved
training_data_hud_crops/instability/user_20260418_154408__cap_20260418_173845_011__10p58.png,10.58,instability,C:/Users/_user/AppData/Roaming/ShipBit/WingmanAI/custom_skills/SC_Toolbox_Beta_V1.2/tools/Mining_Signals/training_data_panels/user_20260418_154408/region1/cap_20260418_173845_011.png,approved
training_data_hud_crops/mass/user_20260418_154408__cap_20260418_173847_978__8642.png,8642,mass,C:/Users/_user/AppData/Roaming/ShipBit/WingmanAI/custom_skills/SC_Toolbox_Beta_V1.2/tools/Mining_Signals/training_data_panels/user_20260418_154408/region1/cap_20260418_173847_978.png,approved
training_data_hud_crops/resistance/user_20260418_154408__cap_20260418_173847_978__0.png,0,resistance,C:/Users/_user/AppData/Roaming/ShipBit/WingmanAI/custom_skills/SC_Toolbox_Beta_V1.2/tools/Mining_Signals/training_data_panels/user_20260418_154408/region1/cap_20260418_173847_978.png,approved
training_data_hud_crops/instability/user_20260418_154408__cap_20260418_173847_978__10p58.png,10.58,instability,C:/Users/_user/AppData/Roaming/ShipBit/WingmanAI/custom_skills/SC_Toolbox_Beta_V1.2/tools/Mining_Signals/training_data_panels/user_20260418_154408/region1/cap_20260418_173847_978.png,approved
training_data_hud_crops/mass/user_20260418_154408__cap_20260418_173856_523__13529.png,13529,mass,C:/Users/_user/AppData/Roaming/ShipBit/WingmanAI/custom_skills/SC_Toolbox_Beta_V1.2/tools/Mining_Signals/training_data_panels/user_20260418_154408/region1/cap_20260418_173856_523.png,approved
training_data_hud_crops/resistance/user_20260418_154408__cap_20260418_173856_523__0.png,0,resistance,C:/Users/_user/AppData/Roaming/ShipBit/WingmanAI/custom_skills/SC_Toolbox_Beta_V1.2/tools/Mining_Signals/training_data_panels/user_20260418_154408/region1/cap_20260418_173856_523.png,approved
training_data_hud_crops/instability/user_20260418_154408__cap_20260418_173856_523__16p26.png,16.26,instability,C:/Users/_user/AppData/Roaming/ShipBit/WingmanAI/custom_skills/SC_Toolbox_Beta_V1.2/tools/Mining_Signals/training_data_panels/user_20260418_154408/region1/cap_20260418_173856_523.png,approved
training_data_hud_crops/mass/user_20260418_154408__cap_20260418_173858_693__13529.png,13529,mass,C:/Users/_user/AppData/Roaming/ShipBit/WingmanAI/custom_skills/SC_Toolbox_Beta_V1.2/tools/Mining_Signals/training_data_panels/user_20260418_154408/region1/cap_20260418_173858_693.png,approved
training_data_hud_crops/resistance/user_20260418_154408__cap_20260418_173858_693__0.png,0,resistance,C:/Users/_user/AppData/Roaming/ShipBit/WingmanAI/custom_skills/SC_Toolbox_Beta_V1.2/tools/Mining_Signals/training_data_panels/user_20260418_154408/region1/cap_20260418_173858_693.png,approved
training_data_hud_crops/instability/user_20260418_154408__cap_20260418_173858_693__16p26.png,16.26,instability,C:/Users/_user/AppData/Roaming/ShipBit/WingmanAI/custom_skills/SC_Toolbox_Beta_V1.2/tools/Mining_Signals/training_data_panels/user_20260418_154408/region1/cap_20260418_173858_693.png,approved
training_data_hud_crops/mass/user_20260418_154408__cap_20260418_173922_235__12991.png,12991,mass,C:/Users/_user/AppData/Roaming/ShipBit/WingmanAI/custom_skills/SC_Toolbox_Beta_V1.2/tools/Mining_Signals/training_data_panels/user_20260418_154408/region1/cap_20260418_173922_235.png,approved
training_data_hud_crops/resistance/user_20260418_154408__cap_20260418_173922_235__0.png,0,resistance,C:/Users/_user/AppData/Roaming/ShipBit/WingmanAI/custom_skills/SC_Toolbox_Beta_V1.2/tools/Mining_Signals/training_data_panels/user_20260418_154408/region1/cap_20260418_173922_235.png,approved
training_data_hud_crops/instability/user_20260418_154408__cap_20260418_173922_235__15p42.png,15.42,instability,C:/Users/_user/AppData/Roaming/ShipBit/WingmanAI/custom_skills/SC_Toolbox_Beta_V1.2/tools/Mining_Signals/training_data_panels/user_20260418_154408/region1/cap_20260418_173922_235.png,approved
training_data_hud_crops/mass/user_20260418_154408__cap_20260418_173924_578__12991.png,12991,mass,C:/Users/_user/AppData/Roaming/ShipBit/WingmanAI/custom_skills/SC_Toolbox_Beta_V1.2/tools/Mining_Signals/training_data_panels/user_20260418_154408/region1/cap_20260418_173924_578.png,approved
training_data_hud_crops/resistance/user_20260418_154408__cap_20260418_173924_578__0.png,0,resistance,C:/Users/_user/AppData/Roaming/ShipBit/WingmanAI/custom_skills/SC_Toolbox_Beta_V1.2/tools/Mining_Signals/training_data_panels/user_20260418_154408/region1/cap_20260418_173924_578.png,approved
training_data_hud_crops/instability/user_20260418_154408__cap_20260418_173924_578__15p42.png,15.42,instability,C:/Users/_user/AppData/Roaming/ShipBit/WingmanAI/custom_skills/SC_Toolbox_Beta_V1.2/tools/Mining_Signals/training_data_panels/user_20260418_154408/region1/cap_20260418_173924_578.png,approved
training_data_hud_crops/mass/user_20260418_154408__cap_20260418_173935_313__7260.png,7260,mass,C:/Users/_user/AppData/Roaming/ShipBit/WingmanAI/custom_skills/SC_Toolbox_Beta_V1.2/tools/Mining_Signals/training_data_panels/user_20260418_154408/region1/cap_20260418_173935_313.png,approved
training_data_hud_crops/resistance/user_20260418_154408__cap_20260418_173935_313__0.png,0,resistance,C:/Users/_user/AppData/Roaming/ShipBit/WingmanAI/custom_skills/SC_Toolbox_Beta_V1.2/tools/Mining_Signals/training_data_panels/user_20260418_154408/region1/cap_20260418_173935_313.png,approved
training_data_hud_crops/instability/user_20260418_154408__cap_20260418_173935_313__8p01.png,8.01,instability,C:/Users/_user/AppData/Roaming/ShipBit/WingmanAI/custom_skills/SC_Toolbox_Beta_V1.2/tools/Mining_Signals/training_data_panels/user_20260418_154408/region1/cap_20260418_173935_313.png,approved
training_data_hud_crops/mass/user_20260418_154408__cap_20260418_173936_463__7260.png,7260,mass,C:/Users/_user/AppData/Roaming/ShipBit/WingmanAI/custom_skills/SC_Toolbox_Beta_V1.2/tools/Mining_Signals/training_data_panels/user_20260418_154408/region1/cap_20260418_173936_463.png,approved
training_data_hud_crops/resistance/user_20260418_154408__cap_20260418_173936_463__0.png,0,resistance,C:/Users/_user/AppData/Roaming/ShipBit/WingmanAI/custom_skills/SC_Toolbox_Beta_V1.2/tools/Mining_Signals/training_data_panels/user_20260418_154408/region1/cap_20260418_173936_463.png,approved
training_data_hud_crops/instability/user_20260418_154408__cap_20260418_173936_463__8p01.png,8.01,instability,C:/Users/_user/AppData/Roaming/ShipBit/WingmanAI/custom_skills/SC_Toolbox_Beta_V1.2/tools/Mining_Signals/training_data_panels/user_20260418_154408/region1/cap_20260418_173936_463.png,approved
training_data_hud_crops/mass/user_20260418_154408__cap_20260418_173937_302__7260.png,7260,mass,C:/Users/_user/AppData/Roaming/ShipBit/WingmanAI/custom_skills/SC_Toolbox_Beta_V1.2/tools/Mining_Signals/training_data_panels/user_20260418_154408/region1/cap_20260418_173937_302.png,approved
training_data_hud_crops/resistance/user_20260418_154408__cap_20260418_173937_302__0.png,0,resistance,C:/Users/_user/AppData/Roaming/ShipBit/WingmanAI/custom_skills/SC_Toolbox_Beta_V1.2/tools/Mining_Signals/training_data_panels/user_20260418_154408/region1/cap_20260418_173937_302.png,approved
training_data_hud_crops/instability/user_20260418_154408__cap_20260418_173937_302__8p01.png,8.01,instability,C:/Users/_user/AppData/Roaming/ShipBit/WingmanAI/custom_skills/SC_Toolbox_Beta_V1.2/tools/Mining_Signals/training_data_panels/user_20260418_154408/region1/cap_20260418_173937_302.png,approved
training_data_hud_crops/mass/user_20260418_154408__cap_20260418_173937_862__7260.png,7260,mass,C:/Users/_user/AppData/Roaming/ShipBit/WingmanAI/custom_skills/SC_Toolbox_Beta_V1.2/tools/Mining_Signals/training_data_panels/user_20260418_154408/region1/cap_20260418_173937_862.png,approved
training_data_hud_crops/resistance/user_20260418_154408__cap_20260418_173937_862__0.png,0,resistance,C:/Users/_user/AppData/Roaming/ShipBit/WingmanAI/custom_skills/SC_Toolbox_Beta_V1.2/tools/Mining_Signals/training_data_panels/user_20260418_154408/region1/cap_20260418_173937_862.png,approved
training_data_hud_crops/instability/user_20260418_154408__cap_20260418_173937_862__8p01.png,8.01,instability,C:/Users/_user/AppData/Roaming/ShipBit/WingmanAI/custom_skills/SC_Toolbox_Beta_V1.2/tools/Mining_Signals/training_data_panels/user_20260418_154408/region1/cap_20260418_173937_862.png,approved
training_data_hud_crops/mass/user_20260418_154408__cap_20260418_173938_397__7360.png,7360,mass,C:/Users/_user/AppData/Roaming/ShipBit/WingmanAI/custom_skills/SC_Toolbox_Beta_V1.2/tools/Mining_Signals/training_data_panels/user_20260418_154408/region1/cap_20260418_173938_397.png,approved
training_data_hud_crops/resistance/user_20260418_154408__cap_20260418_173938_397__0.png,0,resistance,C:/Users/_user/AppData/Roaming/ShipBit/WingmanAI/custom_skills/SC_Toolbox_Beta_V1.2/tools/Mining_Signals/training_data_panels/user_20260418_154408/region1/cap_20260418_173938_397.png,approved
training_data_hud_crops/instability/user_20260418_154408__cap_20260418_173938_397__8p01.png,8.01,instability,C:/Users/_user/AppData/Roaming/ShipBit/WingmanAI/custom_skills/SC_Toolbox_Beta_V1.2/tools/Mining_Signals/training_data_panels/user_20260418_154408/region1/cap_20260418_173938_397.png,approved
training_data_hud_crops/mass/user_20260418_154408__cap_20260418_173938_898__7260.png,7260,mass,C:/Users/_user/AppData/Roaming/ShipBit/WingmanAI/custom_skills/SC_Toolbox_Beta_V1.2/tools/Mining_Signals/training_data_panels/user_20260418_154408/region1/cap_20260418_173938_898.png,approved
training_data_hud_crops/resistance/user_20260418_154408__cap_20260418_173938_898__0.png,0,resistance,C:/Users/_user/AppData/Roaming/ShipBit/WingmanAI/custom_skills/SC_Toolbox_Beta_V1.2/tools/Mining_Signals/training_data_panels/user_20260418_154408/region1/cap_20260418_173938_898.png,approved
training_data_hud_crops/instability/user_20260418_154408__cap_20260418_173938_898__8p01.png,8.01,instability,C:/Users/_user/AppData/Roaming/ShipBit/WingmanAI/custom_skills/SC_Toolbox_Beta_V1.2/tools/Mining_Signals/training_data_panels/user_20260418_154408/region1/cap_20260418_173938_898.png,approved
training_data_hud_crops/mass/user_20260418_154408__cap_20260418_173939_405__7260.png,7260,mass,C:/Users/_user/AppData/Roaming/ShipBit/WingmanAI/custom_skills/SC_Toolbox_Beta_V1.2/tools/Mining_Signals/training_data_panels/user_20260418_154408/region1/cap_20260418_173939_405.png,approved
training_data_hud_crops/resistance/user_20260418_154408__cap_20260418_173939_405__0.png,0,resistance,C:/Users/_user/AppData/Roaming/ShipBit/WingmanAI/custom_skills/SC_Toolbox_Beta_V1.2/tools/Mining_Signals/training_data_panels/user_20260418_154408/region1/cap_20260418_173939_405.png,approved
training_data_hud_crops/instability/user_20260418_154408__cap_20260418_173939_405__8p01.png,8.01,instability,C:/Users/_user/AppData/Roaming/ShipBit/WingmanAI/custom_skills/SC_Toolbox_Beta_V1.2/tools/Mining_Signals/training_data_panels/user_20260418_154408/region1/cap_20260418_173939_405.png,approved
training_data_hud_crops/mass/user_20260418_081525__cap_20260418_090059_934__3577.png,3577,mass,C:/Users/_user/AppData/Roaming/ShipBit/WingmanAI/custom_skills/SC_Toolbox_Beta_V1.2/tools/Mining_Signals/training_data_panels/user_20260418_081525/region1/cap_20260418_090059_934.png,approved
training_data_hud_crops/resistance/user_20260418_081525__cap_20260418_090059_934__0.png,0,resistance,C:/Users/_user/AppData/Roaming/ShipBit/WingmanAI/custom_skills/SC_Toolbox_Beta_V1.2/tools/Mining_Signals/training_data_panels/user_20260418_081525/region1/cap_20260418_090059_934.png,approved
training_data_hud_crops/instability/user_20260418_081525__cap_20260418_090059_934__0.png,0,instability,C:/Users/_user/AppData/Roaming/ShipBit/WingmanAI/custom_skills/SC_Toolbox_Beta_V1.2/tools/Mining_Signals/training_data_panels/user_20260418_081525/region1/cap_20260418_090059_934.png,approved
training_data_hud_crops/mass/user_20260418_081525__cap_20260418_090102_294__0.png,0,mass,C:/Users/_user/AppData/Roaming/ShipBit/WingmanAI/custom_skills/SC_Toolbox_Beta_V1.2/tools/Mining_Signals/training_data_panels/user_20260418_081525/region1/cap_20260418_090102_294.png,approved
training_data_hud_crops/resistance/user_20260418_081525__cap_20260418_090102_294__0.png,0,resistance,C:/Users/_user/AppData/Roaming/ShipBit/WingmanAI/custom_skills/SC_Toolbox_Beta_V1.2/tools/Mining_Signals/training_data_panels/user_20260418_081525/region1/cap_20260418_090102_294.png,approved
training_data_hud_crops/instability/user_20260418_081525__cap_20260418_090102_294__0.png,0,instability,C:/Users/_user/AppData/Roaming/ShipBit/WingmanAI/custom_skills/SC_Toolbox_Beta_V1.2/tools/Mining_Signals/training_data_panels/user_20260418_081525/region1/cap_20260418_090102_294.png,approved
training_data_hud_crops/mass/user_20260418_081525__cap_20260418_090107_297__1071.png,1071,mass,C:/Users/_user/AppData/Roaming/ShipBit/WingmanAI/custom_skills/SC_Toolbox_Beta_V1.2/tools/Mining_Signals/training_data_panels/user_20260418_081525/region1/cap_20260418_090107_297.png,approved
training_data_hud_crops/resistance/user_20260418_081525__cap_20260418_090107_297__0.png,0,resistance,C:/Users/_user/AppData/Roaming/ShipBit/WingmanAI/custom_skills/SC_Toolbox_Beta_V1.2/tools/Mining_Signals/training_data_panels/user_20260418_081525/region1/cap_20260418_090107_297.png,approved
training_data_hud_crops/instability/user_20260418_081525__cap_20260418_090107_297__0.png,0,instability,C:/Users/_user/AppData/Roaming/ShipBit/WingmanAI/custom_skills/SC_Toolbox_Beta_V1.2/tools/Mining_Signals/training_data_panels/user_20260418_081525/region1/cap_20260418_090107_297.png,approved
training_data_hud_crops/mass/user_20260418_081525__cap_20260418_090118_110__1833.png,1833,mass,C:/Users/_user/AppData/Roaming/ShipBit/WingmanAI/custom_skills/SC_Toolbox_Beta_V1.2/tools/Mining_Signals/training_data_panels/user_20260418_081525/region1/cap_20260418_090118_110.png,approved
training_data_hud_crops/resistance/user_20260418_081525__cap_20260418_090118_110__0.png,0,resistance,C:/Users/_user/AppData/Roaming/ShipBit/WingmanAI/custom_skills/SC_Toolbox_Beta_V1.2/tools/Mining_Signals/training_data_panels/user_20260418_081525/region1/cap_20260418_090118_110.png,approved
training_data_hud_crops/instability/user_20260418_081525__cap_20260418_090118_110__0.png,0,instability,C:/Users/_user/AppData/Roaming/ShipBit/WingmanAI/custom_skills/SC_Toolbox_Beta_V1.2/tools/Mining_Signals/training_data_panels/user_20260418_081525/region1/cap_20260418_090118_110.png,approved
training_data_hud_crops/mass/user_20260418_081525__cap_20260418_090124_826__4105.png,4105,mass,C:/Users/_user/AppData/Roaming/ShipBit/WingmanAI/custom_skills/SC_Toolbox_Beta_V1.2/tools/Mining_Signals/training_data_panels/user_20260418_081525/region1/cap_20260418_090124_826.png,approved
training_data_hud_crops/resistance/user_20260418_081525__cap_20260418_090124_826__0.png,0,resistance,C:/Users/_user/AppData/Roaming/ShipBit/WingmanAI/custom_skills/SC_Toolbox_Beta_V1.2/tools/Mining_Signals/training_data_panels/user_20260418_081525/region1/cap_20260418_090124_826.png,approved
training_data_hud_crops/instability/user_20260418_081525__cap_20260418_090124_826__0.png,0,instability,C:/Users/_user/AppData/Roaming/ShipBit/WingmanAI/custom_skills/SC_Toolbox_Beta_V1.2/tools/Mining_Signals/training_data_panels/user_20260418_081525/region1/cap_20260418_090124_826.png,approved
training_data_hud_crops/mass/user_20260418_081525__cap_20260418_090135_740__1833.png,1833,mass,C:/Users/_user/AppData/Roaming/ShipBit/WingmanAI/custom_skills/SC_Toolbox_Beta_V1.2/tools/Mining_Signals/training_data_panels/user_20260418_081525/region1/cap_20260418_090135_740.png,approved
training_data_hud_crops/resistance/user_20260418_081525__cap_20260418_090135_740__0.png,0,resistance,C:/Users/_user/AppData/Roaming/ShipBit/WingmanAI/custom_skills/SC_Toolbox_Beta_V1.2/tools/Mining_Signals/training_data_panels/user_20260418_081525/region1/cap_20260418_090135_740.png,approved
training_data_hud_crops/instability/user_20260418_081525__cap_20260418_090135_740__0.png,0,instability,C:/Users/_user/AppData/Roaming/ShipBit/WingmanAI/custom_skills/SC_Toolbox_Beta_V1.2/tools/Mining_Signals/training_data_panels/user_20260418_081525/region1/cap_20260418_090135_740.png,approved
training_data_hud_crops/mass/user_20260418_081525__cap_20260418_090138_606__4105.png,4105,mass,C:/Users/_user/AppData/Roaming/ShipBit/WingmanAI/custom_skills/SC_Toolbox_Beta_V1.2/tools/Mining_Signals/training_data_panels/user_20260418_081525/region1/cap_20260418_090138_606.png,approved
training_data_hud_crops/mass/user_20260418_081525__cap_20260418_090142_856__1071.png,1071,mass,C:/Users/_user/AppData/Roaming/ShipBit/WingmanAI/custom_skills/SC_Toolbox_Beta_V1.2/tools/Mining_Signals/training_data_panels/user_20260418_081525/region1/cap_20260418_090142_856.png,approved
training_data_hud_crops/resistance/user_20260418_081525__cap_20260418_090142_856__0.png,0,resistance,C:/Users/_user/AppData/Roaming/ShipBit/WingmanAI/custom_skills/SC_Toolbox_Beta_V1.2/tools/Mining_Signals/training_data_panels/user_20260418_081525/region1/cap_20260418_090142_856.png,approved
training_data_hud_crops/instability/user_20260418_081525__cap_20260418_090142_856__0.png,0,instability,C:/Users/_user/AppData/Roaming/ShipBit/WingmanAI/custom_skills/SC_Toolbox_Beta_V1.2/tools/Mining_Signals/training_data_panels/user_20260418_081525/region1/cap_20260418_090142_856.png,approved
training_data_hud_crops/mass/user_20260418_081525__cap_20260418_090145_619__3577.png,3577,mass,C:/Users/_user/AppData/Roaming/ShipBit/WingmanAI/custom_skills/SC_Toolbox_Beta_V1.2/tools/Mining_Signals/training_data_panels/user_20260418_081525/region1/cap_20260418_090145_619.png,approved
training_data_hud_crops/instability/user_20260418_081525__cap_20260418_090145_619__0.png,0,instability,C:/Users/_user/AppData/Roaming/ShipBit/WingmanAI/custom_skills/SC_Toolbox_Beta_V1.2/tools/Mining_Signals/training_data_panels/user_20260418_081525/region1/cap_20260418_090145_619.png,approved
training_data_hud_crops/mass/user_20260418_081525__cap_20260418_091436_264__0.png,0,mass,C:/Users/_user/AppData/Roaming/ShipBit/WingmanAI/custom_skills/SC_Toolbox_Beta_V1.2/tools/Mining_Signals/training_data_panels/user_20260418_081525/region1/cap_20260418_091436_264.png,approved
training_data_hud_crops/resistance/user_20260418_081525__cap_20260418_091436_264__0.png,0,resistance,C:/Users/_user/AppData/Roaming/ShipBit/WingmanAI/custom_skills/SC_Toolbox_Beta_V1.2/tools/Mining_Signals/training_data_panels/user_20260418_081525/region1/cap_20260418_091436_264.png,approved
training_data_hud_crops/instability/user_20260418_081525__cap_20260418_091436_264__0.png,0,instability,C:/Users/_user/AppData/Roaming/ShipBit/WingmanAI/custom_skills/SC_Toolbox_Beta_V1.2/tools/Mining_Signals/training_data_panels/user_20260418_081525/region1/cap_20260418_091436_264.png,approved
training_data_hud_crops/mass/user_20260418_081525__cap_20260418_091447_617__2379.png,2379,mass,C:/Users/_user/AppData/Roaming/ShipBit/WingmanAI/custom_skills/SC_Toolbox_Beta_V1.2/tools/Mining_Signals/training_data_panels/user_20260418_081525/region1/cap_20260418_091447_617.png,approved
training_data_hud_crops/resistance/user_20260418_081525__cap_20260418_091447_617__0.png,0,resistance,C:/Users/_user/AppData/Roaming/ShipBit/WingmanAI/custom_skills/SC_Toolbox_Beta_V1.2/tools/Mining_Signals/training_data_panels/user_20260418_081525/region1/cap_20260418_091447_617.png,approved
training_data_hud_crops/instability/user_20260418_081525__cap_20260418_091447_617__0.png,0,instability,C:/Users/_user/AppData/Roaming/ShipBit/WingmanAI/custom_skills/SC_Toolbox_Beta_V1.2/tools/Mining_Signals/training_data_panels/user_20260418_081525/region1/cap_20260418_091447_617.png,approved
training_data_hud_crops/mass/user_20260418_081525__cap_20260418_091456_295__3411.png,3411,mass,C:/Users/_user/AppData/Roaming/ShipBit/WingmanAI/custom_skills/SC_Toolbox_Beta_V1.2/tools/Mining_Signals/training_data_panels/user_20260418_081525/region1/cap_20260418_091456_295.png,approved
training_data_hud_crops/resistance/user_20260418_081525__cap_20260418_091456_295__0.png,0,resistance,C:/Users/_user/AppData/Roaming/ShipBit/WingmanAI/custom_skills/SC_Toolbox_Beta_V1.2/tools/Mining_Signals/training_data_panels/user_20260418_081525/region1/cap_20260418_091456_295.png,approved
training_data_hud_crops/instability/user_20260418_081525__cap_20260418_091456_295__0.png,0,instability,C:/Users/_user/AppData/Roaming/ShipBit/WingmanAI/custom_skills/SC_Toolbox_Beta_V1.2/tools/Mining_Signals/training_data_panels/user_20260418_081525/region1/cap_20260418_091456_295.png,approved
training_data_hud_crops/mass/user_20260418_081525__cap_20260418_091502_392__0.png,0,mass,C:/Users/_user/AppData/Roaming/ShipBit/WingmanAI/custom_skills/SC_Toolbox_Beta_V1.2/tools/Mining_Signals/training_data_panels/user_20260418_081525/region1/cap_20260418_091502_392.png,approved
training_data_hud_crops/resistance/user_20260418_081525__cap_20260418_091502_392__0.png,0,resistance,C:/Users/_user/AppData/Roaming/ShipBit/WingmanAI/custom_skills/SC_Toolbox_Beta_V1.2/tools/Mining_Signals/training_data_panels/user_20260418_081525/region1/cap_20260418_091502_392.png,approved
training_data_hud_crops/mass/user_20260418_081525__cap_20260418_091503_852__1323.png,1323,mass,C:/Users/_user/AppData/Roaming/ShipBit/WingmanAI/custom_skills/SC_Toolbox_Beta_V1.2/tools/Mining_Signals/training_data_panels/user_20260418_081525/region1/cap_20260418_091503_852.png,approved
training_data_hud_crops/resistance/user_20260418_081525__cap_20260418_091503_852__0.png,0,resistance,C:/Users/_user/AppData/Roaming/ShipBit/WingmanAI/custom_skills/SC_Toolbox_Beta_V1.2/tools/Mining_Signals/training_data_panels/user_20260418_081525/region1/cap_20260418_091503_852.png,approved
training_data_hud_crops/instability/user_20260418_081525__cap_20260418_091503_852__0.png,0,instability,C:/Users/_user/AppData/Roaming/ShipBit/WingmanAI/custom_skills/SC_Toolbox_Beta_V1.2/tools/Mining_Signals/training_data_panels/user_20260418_081525/region1/cap_20260418_091503_852.png,approved
training_data_hud_crops/mass/user_20260418_081525__cap_20260418_091510_265__0.png,0,mass,C:/Users/_user/AppData/Roaming/ShipBit/WingmanAI/custom_skills/SC_Toolbox_Beta_V1.2/tools/Mining_Signals/training_data_panels/user_20260418_081525/region1/cap_20260418_091510_265.png,approved
training_data_hud_crops/resistance/user_20260418_081525__cap_20260418_091510_265__0.png,0,resistance,C:/Users/_user/AppData/Roaming/ShipBit/WingmanAI/custom_skills/SC_Toolbox_Beta_V1.2/tools/Mining_Signals/training_data_panels/user_20260418_081525/region1/cap_20260418_091510_265.png,approved
training_data_hud_crops/instability/user_20260418_081525__cap_20260418_091510_265__0.png,0,instability,C:/Users/_user/AppData/Roaming/ShipBit/WingmanAI/custom_skills/SC_Toolbox_Beta_V1.2/tools/Mining_Signals/training_data_panels/user_20260418_081525/region1/cap_20260418_091510_265.png,approved
training_data_hud_crops/mass/user_20260418_081525__cap_20260418_091513_560__4161.png,4161,mass,C:/Users/_user/AppData/Roaming/ShipBit/WingmanAI/custom_skills/SC_Toolbox_Beta_V1.2/tools/Mining_Signals/training_data_panels/user_20260418_081525/region1/cap_20260418_091513_560.png,approved
training_data_hud_crops/resistance/user_20260418_081525__cap_20260418_091513_560__0.png,0,resistance,C:/Users/_user/AppData/Roaming/ShipBit/WingmanAI/custom_skills/SC_Toolbox_Beta_V1.2/tools/Mining_Signals/training_data_panels/user_20260418_081525/region1/cap_20260418_091513_560.png,approved
training_data_hud_crops/instability/user_20260418_081525__cap_20260418_091513_560__0.png,0,instability,C:/Users/_user/AppData/Roaming/ShipBit/WingmanAI/custom_skills/SC_Toolbox_Beta_V1.2/tools/Mining_Signals/training_data_panels/user_20260418_081525/region1/cap_20260418_091513_560.png,approved
training_data_hud_crops/mass/user_20260418_081525__cap_20260418_091516_276__1323.png,1323,mass,C:/Users/_user/AppData/Roaming/ShipBit/WingmanAI/custom_skills/SC_Toolbox_Beta_V1.2/tools/Mining_Signals/training_data_panels/user_20260418_081525/region1/cap_20260418_091516_276.png,approved
training_data_hud_crops/resistance/user_20260418_081525__cap_20260418_091516_276__0.png,0,resistance,C:/Users/_user/AppData/Roaming/ShipBit/WingmanAI/custom_skills/SC_Toolbox_Beta_V1.2/tools/Mining_Signals/training_data_panels/user_20260418_081525/region1/cap_20260418_091516_276.png,approved
training_data_hud_crops/instability/user_20260418_081525__cap_20260418_091516_276__0.png,0,instability,C:/Users/_user/AppData/Roaming/ShipBit/WingmanAI/custom_skills/SC_Toolbox_Beta_V1.2/tools/Mining_Signals/training_data_panels/user_20260418_081525/region1/cap_20260418_091516_276.png,approved
training_data_hud_crops/mass/user_20260418_081525__cap_20260418_091518_926__2379.png,2379,mass,C:/Users/_user/AppData/Roaming/ShipBit/WingmanAI/custom_skills/SC_Toolbox_Beta_V1.2/tools/Mining_Signals/training_data_panels/user_20260418_081525/region1/cap_20260418_091518_926.png,approved
training_data_hud_crops/resistance/user_20260418_081525__cap_20260418_091518_926__0.png,0,resistance,C:/Users/_user/AppData/Roaming/ShipBit/WingmanAI/custom_skills/SC_Toolbox_Beta_V1.2/tools/Mining_Signals/training_data_panels/user_20260418_081525/region1/cap_20260418_091518_926.png,approved
training_data_hud_crops/instability/user_20260418_081525__cap_20260418_091518_926__0.png,0,instability,C:/Users/_user/AppData/Roaming/ShipBit/WingmanAI/custom_skills/SC_Toolbox_Beta_V1.2/tools/Mining_Signals/training_data_panels/user_20260418_081525/region1/cap_20260418_091518_926.png,approved
training_data_hud_crops/mass/user_20260418_081525__cap_20260418_091525_906__2967.png,2967,mass,C:/Users/_user/AppData/Roaming/ShipBit/WingmanAI/custom_skills/SC_Toolbox_Beta_V1.2/tools/Mining_Signals/training_data_panels/user_20260418_081525/region1/cap_20260418_091525_906.png,approved
training_data_hud_crops/resistance/user_20260418_081525__cap_20260418_091525_906__0.png,0,resistance,C:/Users/_user/AppData/Roaming/ShipBit/WingmanAI/custom_skills/SC_Toolbox_Beta_V1.2/tools/Mining_Signals/training_data_panels/user_20260418_081525/region1/cap_20260418_091525_906.png,approved
training_data_hud_crops/instability/user_20260418_081525__cap_20260418_091525_906__0.png,0,instability,C:/Users/_user/AppData/Roaming/ShipBit/WingmanAI/custom_skills/SC_Toolbox_Beta_V1.2/tools/Mining_Signals/training_data_panels/user_20260418_081525/region1/cap_20260418_091525_906.png,approved
training_data_hud_crops/mass/user_20260418_081525__cap_20260418_091527_391__2967.png,2967,mass,C:/Users/_user/AppData/Roaming/ShipBit/WingmanAI/custom_skills/SC_Toolbox_Beta_V1.2/tools/Mining_Signals/training_data_panels/user_20260418_081525/region1/cap_20260418_091527_391.png,approved
training_data_hud_crops/resistance/user_20260418_081525__cap_20260418_091527_391__0.png,0,resistance,C:/Users/_user/AppData/Roaming/ShipBit/WingmanAI/custom_skills/SC_Toolbox_Beta_V1.2/tools/Mining_Signals/training_data_panels/user_20260418_081525/region1/cap_20260418_091527_391.png,approved
training_data_hud_crops/instability/user_20260418_081525__cap_20260418_091527_391__0.png,0,instability,C:/Users/_user/AppData/Roaming/ShipBit/WingmanAI/custom_skills/SC_Toolbox_Beta_V1.2/tools/Mining_Signals/training_data_panels/user_20260418_081525/region1/cap_20260418_091527_391.png,approved
training_data_hud_crops/mass/user_20260418_081525__cap_20260418_091531_202__3411.png,3411,mass,C:/Users/_user/AppData/Roaming/ShipBit/WingmanAI/custom_skills/SC_Toolbox_Beta_V1.2/tools/Mining_Signals/training_data_panels/user_20260418_081525/region1/cap_20260418_091531_202.png,approved
training_data_hud_crops/resistance/user_20260418_081525__cap_20260418_091531_202__0.png,0,resistance,C:/Users/_user/AppData/Roaming/ShipBit/WingmanAI/custom_skills/SC_Toolbox_Beta_V1.2/tools/Mining_Signals/training_data_panels/user_20260418_081525/region1/cap_20260418_091531_202.png,approved
training_data_hud_crops/instability/user_20260418_081525__cap_20260418_091531_202__0.png,0,instability,C:/Users/_user/AppData/Roaming/ShipBit/WingmanAI/custom_skills/SC_Toolbox_Beta_V1.2/tools/Mining_Signals/training_data_panels/user_20260418_081525/region1/cap_20260418_091531_202.png,approved
training_data_hud_crops/mass/user_20260418_081525__cap_20260418_091533_553__4161.png,4161,mass,C:/Users/_user/AppData/Roaming/ShipBit/WingmanAI/custom_skills/SC_Toolbox_Beta_V1.2/tools/Mining_Signals/training_data_panels/user_20260418_081525/region1/cap_20260418_091533_553.png,approved
training_data_hud_crops/resistance/user_20260418_081525__cap_20260418_091533_553__0.png,0,resistance,C:/Users/_user/AppData/Roaming/ShipBit/WingmanAI/custom_skills/SC_Toolbox_Beta_V1.2/tools/Mining_Signals/training_data_panels/user_20260418_081525/region1/cap_20260418_091533_553.png,approved
training_data_hud_crops/instability/user_20260418_081525__cap_20260418_091533_553__0.png,0,instability,C:/Users/_user/AppData/Roaming/ShipBit/WingmanAI/custom_skills/SC_Toolbox_Beta_V1.2/tools/Mining_Signals/training_data_panels/user_20260418_081525/region1/cap_20260418_091533_553.png,approved
training_data_hud_crops/mass/user_20260418_081525__cap_20260418_091537_094__0.png,0,mass,C:/Users/_user/AppData/Roaming/ShipBit/WingmanAI/custom_skills/SC_Toolbox_Beta_V1.2/tools/Mining_Signals/training_data_panels/user_20260418_081525/region1/cap_20260418_091537_094.png,approved
training_data_hud_crops/resistance/user_20260418_081525__cap_20260418_091537_094__0.png,0,resistance,C:/Users/_user/AppData/Roaming/ShipBit/WingmanAI/custom_skills/SC_Toolbox_Beta_V1.2/tools/Mining_Signals/training_data_panels/user_20260418_081525/region1/cap_20260418_091537_094.png,approved
training_data_hud_crops/instability/user_20260418_081525__cap_20260418_091537_094__0.png,0,instability,C:/Users/_user/AppData/Roaming/ShipBit/WingmanAI/custom_skills/SC_Toolbox_Beta_V1.2/tools/Mining_Signals/training_data_panels/user_20260418_081525/region1/cap_20260418_091537_094.png,approved
training_data_hud_crops/mass/user_20260418_081525__cap_20260418_091541_516__2685.png,2685,mass,C:/Users/_user/AppData/Roaming/ShipBit/WingmanAI/custom_skills/SC_Toolbox_Beta_V1.2/tools/Mining_Signals/training_data_panels/user_20260418_081525/region1/cap_20260418_091541_516.png,approved
training_data_hud_crops/resistance/user_20260418_081525__cap_20260418_091541_516__0.png,0,resistance,C:/Users/_user/AppData/Roaming/ShipBit/WingmanAI/custom_skills/SC_Toolbox_Beta_V1.2/tools/Mining_Signals/training_data_panels/user_20260418_081525/region1/cap_20260418_091541_516.png,approved
training_data_hud_crops/instability/user_20260418_081525__cap_20260418_091541_516__0.png,0,instability,C:/Users/_user/AppData/Roaming/ShipBit/WingmanAI/custom_skills/SC_Toolbox_Beta_V1.2/tools/Mining_Signals/training_data_panels/user_20260418_081525/region1/cap_20260418_091541_516.png,approved
training_data_hud_crops/mass/user_20260418_081525__cap_20260418_091605_801__0.png,0,mass,C:/Users/_user/AppData/Roaming/ShipBit/WingmanAI/custom_skills/SC_Toolbox_Beta_V1.2/tools/Mining_Signals/training_data_panels/user_20260418_081525/region1/cap_20260418_091605_801.png,approved
training_data_hud_crops/resistance/user_20260418_081525__cap_20260418_091605_801__0.png,0,resistance,C:/Users/_user/AppData/Roaming/ShipBit/WingmanAI/custom_skills/SC_Toolbox_Beta_V1.2/tools/Mining_Signals/training_data_panels/user_20260418_081525/region1/cap_20260418_091605_801.png,approved
training_data_hud_crops/instability/user_20260418_081525__cap_20260418_091605_801__0.png,0,instability,C:/Users/_user/AppData/Roaming/ShipBit/WingmanAI/custom_skills/SC_Toolbox_Beta_V1.2/tools/Mining_Signals/training_data_panels/user_20260418_081525/region1/cap_20260418_091605_801.png,approved
training_data_hud_crops/mass/user_20260418_081525__cap_20260418_091610_344__0.png,0,mass,C:/Users/_user/AppData/Roaming/ShipBit/WingmanAI/custom_skills/SC_Toolbox_Beta_V1.2/tools/Mining_Signals/training_data_panels/user_20260418_081525/region1/cap_20260418_091610_344.png,approved
training_data_hud_crops/resistance/user_20260418_081525__cap_20260418_091610_344__0.png,0,resistance,C:/Users/_user/AppData/Roaming/ShipBit/WingmanAI/custom_skills/SC_Toolbox_Beta_V1.2/tools/Mining_Signals/training_data_panels/user_20260418_081525/region1/cap_20260418_091610_344.png,approved
training_data_hud_crops/instability/user_20260418_081525__cap_20260418_091610_344__0.png,0,instability,C:/Users/_user/AppData/Roaming/ShipBit/WingmanAI/custom_skills/SC_Toolbox_Beta_V1.2/tools/Mining_Signals/training_data_panels/user_20260418_081525/region1/cap_20260418_091610_344.png,approved
training_data_hud_crops/mass/user_20260418_081525__cap_20260418_091612_033__0.png,0,mass,C:/Users/_user/AppData/Roaming/ShipBit/WingmanAI/custom_skills/SC_Toolbox_Beta_V1.2/tools/Mining_Signals/training_data_panels/user_20260418_081525/region1/cap_20260418_091612_033.png,approved
training_data_hud_crops/resistance/user_20260418_081525__cap_20260418_091612_033__0.png,0,resistance,C:/Users/_user/AppData/Roaming/ShipBit/WingmanAI/custom_skills/SC_Toolbox_Beta_V1.2/tools/Mining_Signals/training_data_panels/user_20260418_081525/region1/cap_20260418_091612_033.png,approved
training_data_hud_crops/instability/user_20260418_081525__cap_20260418_091612_033__0.png,0,instability,C:/Users/_user/AppData/Roaming/ShipBit/WingmanAI/custom_skills/SC_Toolbox_Beta_V1.2/tools/Mining_Signals/training_data_panels/user_20260418_081525/region1/cap_20260418_091612_033.png,approved
training_data_hud_crops/mass/user_20260418_081525__cap_20260418_091613_641__0.png,0,mass,C:/Users/_user/AppData/Roaming/ShipBit/WingmanAI/custom_skills/SC_Toolbox_Beta_V1.2/tools/Mining_Signals/training_data_panels/user_20260418_081525/region1/cap_20260418_091613_641.png,approved
training_data_hud_crops/resistance/user_20260418_081525__cap_20260418_091613_641__0.png,0,resistance,C:/Users/_user/AppData/Roaming/ShipBit/WingmanAI/custom_skills/SC_Toolbox_Beta_V1.2/tools/Mining_Signals/training_data_panels/user_20260418_081525/region1/cap_20260418_091613_641.png,approved
training_data_hud_crops/mass/user_20260418_081525__cap_20260418_091615_640__0.png,0,mass,C:/Users/_user/AppData/Roaming/ShipBit/WingmanAI/custom_skills/SC_Toolbox_Beta_V1.2/tools/Mining_Signals/training_data_panels/user_20260418_081525/region1/cap_20260418_091615_640.png,approved
training_data_hud_crops/mass/user_20260418_081525__cap_20260418_091617_606__0.png,0,mass,C:/Users/_user/AppData/Roaming/ShipBit/WingmanAI/custom_skills/SC_Toolbox_Beta_V1.2/tools/Mining_Signals/training_data_panels/user_20260418_081525/region1/cap_20260418_091617_606.png,approved
training_data_hud_crops/resistance/user_20260418_081525__cap_20260418_091617_606__0.png,0,resistance,C:/Users/_user/AppData/Roaming/ShipBit/WingmanAI/custom_skills/SC_Toolbox_Beta_V1.2/tools/Mining_Signals/training_data_panels/user_20260418_081525/region1/cap_20260418_091617_606.png,approved
training_data_hud_crops/instability/user_20260418_081525__cap_20260418_091617_606__0.png,0,instability,C:/Users/_user/AppData/Roaming/ShipBit/WingmanAI/custom_skills/SC_Toolbox_Beta_V1.2/tools/Mining_Signals/training_data_panels/user_20260418_081525/region1/cap_20260418_091617_606.png,approved
training_data_hud_crops/mass/user_20260418_081525__cap_20260418_091623_650__2835.png,2835,mass,C:/Users/_user/AppData/Roaming/ShipBit/WingmanAI/custom_skills/SC_Toolbox_Beta_V1.2/tools/Mining_Signals/training_data_panels/user_20260418_081525/region1/cap_20260418_091623_650.png,approved
training_data_hud_crops/resistance/user_20260418_081525__cap_20260418_091623_650__47.png,47,resistance,C:/Users/_user/AppData/Roaming/ShipBit/WingmanAI/custom_skills/SC_Toolbox_Beta_V1.2/tools/Mining_Signals/training_data_panels/user_20260418_081525/region1/cap_20260418_091623_650.png,approved
training_data_hud_crops/instability/user_20260418_081525__cap_20260418_091623_650__103p10.png,103.10,instability,C:/Users/_user/AppData/Roaming/ShipBit/WingmanAI/custom_skills/SC_Toolbox_Beta_V1.2/tools/Mining_Signals/training_data_panels/user_20260418_081525/region1/cap_20260418_091623_650.png,approved
training_data_hud_crops/mass/user_20260418_081525__cap_20260418_091632_274__2879.png,2879,mass,C:/Users/_user/AppData/Roaming/ShipBit/WingmanAI/custom_skills/SC_Toolbox_Beta_V1.2/tools/Mining_Signals/training_data_panels/user_20260418_081525/region1/cap_20260418_091632_274.png,approved
training_data_hud_crops/resistance/user_20260418_081525__cap_20260418_091632_274__46.png,46,resistance,C:/Users/_user/AppData/Roaming/ShipBit/WingmanAI/custom_skills/SC_Toolbox_Beta_V1.2/tools/Mining_Signals/training_data_panels/user_20260418_081525/region1/cap_20260418_091632_274.png,approved
training_data_hud_crops/instability/user_20260418_081525__cap_20260418_091632_274__115p78.png,115.78,instability,C:/Users/_user/AppData/Roaming/ShipBit/WingmanAI/custom_skills/SC_Toolbox_Beta_V1.2/tools/Mining_Signals/training_data_panels/user_20260418_081525/region1/cap_20260418_091632_274.png,approved
training_data_hud_crops/mass/user_20260418_081525__cap_20260418_091639_150__2960.png,2960,mass,C:/Users/_user/AppData/Roaming/ShipBit/WingmanAI/custom_skills/SC_Toolbox_Beta_V1.2/tools/Mining_Signals/training_data_panels/user_20260418_081525/region1/cap_20260418_091639_150.png,approved
training_data_hud_crops/resistance/user_20260418_081525__cap_20260418_091639_150__47.png,47,resistance,C:/Users/_user/AppData/Roaming/ShipBit/WingmanAI/custom_skills/SC_Toolbox_Beta_V1.2/tools/Mining_Signals/training_data_panels/user_20260418_081525/region1/cap_20260418_091639_150.png,approved
training_data_hud_crops/instability/user_20260418_081525__cap_20260418_091639_150__126p02.png,126.02,instability,C:/Users/_user/AppData/Roaming/ShipBit/WingmanAI/custom_skills/SC_Toolbox_Beta_V1.2/tools/Mining_Signals/training_data_panels/user_20260418_081525/region1/cap_20260418_091639_150.png,approved
training_data_hud_crops/mass/user_20260418_081525__cap_20260418_091641_158__2960.png,2960,mass,C:/Users/_user/AppData/Roaming/ShipBit/WingmanAI/custom_skills/SC_Toolbox_Beta_V1.2/tools/Mining_Signals/training_data_panels/user_20260418_081525/region1/cap_20260418_091641_158.png,approved
training_data_hud_crops/resistance/user_20260418_081525__cap_20260418_091641_158__47.png,47,resistance,C:/Users/_user/AppData/Roaming/ShipBit/WingmanAI/custom_skills/SC_Toolbox_Beta_V1.2/tools/Mining_Signals/training_data_panels/user_20260418_081525/region1/cap_20260418_091641_158.png,approved
training_data_hud_crops/instability/user_20260418_081525__cap_20260418_091641_158__126p02.png,126.02,instability,C:/Users/_user/AppData/Roaming/ShipBit/WingmanAI/custom_skills/SC_Toolbox_Beta_V1.2/tools/Mining_Signals/training_data_panels/user_20260418_081525/region1/cap_20260418_091641_158.png,approved
training_data_hud_crops/mass/user_20260418_081525__cap_20260418_091641_731__2960.png,2960,mass,C:/Users/_user/AppData/Roaming/ShipBit/WingmanAI/custom_skills/SC_Toolbox_Beta_V1.2/tools/Mining_Signals/training_data_panels/user_20260418_081525/region1/cap_20260418_091641_731.png,approved
training_data_hud_crops/resistance/user_20260418_081525__cap_20260418_091641_731__47.png,47,resistance,C:/Users/_user/AppData/Roaming/ShipBit/WingmanAI/custom_skills/SC_Toolbox_Beta_V1.2/tools/Mining_Signals/training_data_panels/user_20260418_081525/region1/cap_20260418_091641_731.png,approved
training_data_hud_crops/instability/user_20260418_081525__cap_20260418_091641_731__126p02.png,126.02,instability,C:/Users/_user/AppData/Roaming/ShipBit/WingmanAI/custom_skills/SC_Toolbox_Beta_V1.2/tools/Mining_Signals/training_data_panels/user_20260418_081525/region1/cap_20260418_091641_731.png,approved
training_data_hud_crops/mass/user_20260418_081525__cap_20260418_091645_529__2879.png,2879,mass,C:/Users/_user/AppData/Roaming/ShipBit/WingmanAI/custom_skills/SC_Toolbox_Beta_V1.2/tools/Mining_Signals/training_data_panels/user_20260418_081525/region1/cap_20260418_091645_529.png,approved
training_data_hud_crops/resistance/user_20260418_081525__cap_20260418_091645_529__46.png,46,resistance,C:/Users/_user/AppData/Roaming/ShipBit/WingmanAI/custom_skills/SC_Toolbox_Beta_V1.2/tools/Mining_Signals/training_data_panels/user_20260418_081525/region1/cap_20260418_091645_529.png,approved
training_data_hud_crops/instability/user_20260418_081525__cap_20260418_091645_529__115p78.png,115.78,instability,C:/Users/_user/AppData/Roaming/ShipBit/WingmanAI/custom_skills/SC_Toolbox_Beta_V1.2/tools/Mining_Signals/training_data_panels/user_20260418_081525/region1/cap_20260418_091645_529.png,approved
training_data_hud_crops/mass/user_20260418_081525__cap_20260418_091648_943__2635.png,2635,mass,C:/Users/_user/AppData/Roaming/ShipBit/WingmanAI/custom_skills/SC_Toolbox_Beta_V1.2/tools/Mining_Signals/training_data_panels/user_20260418_081525/region1/cap_20260418_091648_943.png,approved
training_data_hud_crops/resistance/user_20260418_081525__cap_20260418_091648_943__47.png,47,resistance,C:/Users/_user/AppData/Roaming/ShipBit/WingmanAI/custom_skills/SC_Toolbox_Beta_V1.2/tools/Mining_Signals/training_data_panels/user_20260418_081525/region1/cap_20260418_091648_943.png,approved
training_data_hud_crops/instability/user_20260418_081525__cap_20260418_091648_943__103p10.png,103.10,instability,C:/Users/_user/AppData/Roaming/ShipBit/WingmanAI/custom_skills/SC_Toolbox_Beta_V1.2/tools/Mining_Signals/training_data_panels/user_20260418_081525/region1/cap_20260418_091648_943.png,approved
